tick,simTime_s,altitude_km,terrainAltitude_km,speed_mps,mode,factoryProduced,rebases,soiSwitches,distToCinder_km
0,0.0000,1.2703,0.0000,0.0000,0,0,1,0,11455.1043
10,0.1667,1.2705,0.0002,2.5386,0,2,1,0,11455.1041
20,0.3333,1.2711,0.0008,5.0771,0,4,1,0,11455.1035
30,0.5000,1.2722,0.0019,7.6157,0,6,1,0,11455.1026
40,0.6667,1.2737,0.0034,10.1543,0,8,1,0,11455.1013
50,0.8333,1.2756,0.0053,12.6929,0,10,1,0,11455.0995
60,1.0000,1.2779,0.0076,15.2315,0,12,1,0,11455.0974
70,1.1667,1.2807,0.0104,17.7701,0,14,1,0,11455.0950
80,1.3333,1.2838,0.0135,20.3087,0,16,1,0,11455.0921
90,1.5000,1.2874,0.0171,22.8474,0,18,1,0,11455.0889
100,1.6667,1.2915,0.0212,25.3861,0,20,1,0,11455.0852
110,1.8333,1.2959,0.0256,27.9248,0,22,1,0,11455.0812
120,2.0000,1.3008,0.0305,30.4635,0,24,1,0,11455.0768
130,2.1667,1.3061,0.0358,33.0022,0,26,1,0,11455.0721
140,2.3333,1.3118,0.0415,35.5410,0,28,1,0,11455.0669
150,2.5000,1.3179,0.0476,38.0798,0,30,1,0,11455.0614
160,2.6667,1.3245,0.0542,40.6187,0,32,1,0,11455.0555
170,2.8333,1.3314,0.0611,43.1575,0,34,1,0,11455.0492
180,3.0000,1.3388,0.0685,45.6964,0,36,1,0,11455.0425
190,3.1667,1.3467,0.0764,48.2354,0,38,1,0,11455.0355
200,3.3333,1.3549,0.0846,50.7744,0,40,1,0,11455.0280
210,3.5000,1.3636,0.0933,53.3135,0,42,1,0,11455.0202
220,3.6667,1.3727,0.1024,55.8526,0,44,1,0,11455.0120
230,3.8333,1.3822,0.1119,58.3917,0,46,1,0,11455.0034
240,4.0000,1.3922,0.1219,60.9309,0,48,1,0,11454.9945
250,4.1667,1.4025,0.1322,63.4702,0,50,1,0,11454.9851
260,4.3333,1.4133,0.1430,66.0095,0,52,1,0,11454.9754
270,4.5000,1.4245,0.1542,68.5488,0,54,1,0,11454.9653
280,4.6667,1.4362,0.1659,71.0883,0,56,1,0,11454.9548
290,4.8333,1.4482,0.1779,73.6278,0,58,1,0,11454.9439
300,5.0000,1.4607,0.1904,76.1673,0,60,1,0,11454.9326
310,5.1667,1.4736,0.2033,78.7070,0,62,1,0,11454.9210
320,5.3333,1.4869,0.2166,81.2467,0,64,1,0,11454.9090
330,5.5000,1.5007,0.2304,83.7865,0,66,1,0,11454.8966
340,5.6667,1.5149,0.2446,86.3263,0,68,1,0,11454.8838
350,5.8333,1.5295,0.2592,88.8662,0,70,1,0,11454.8707
360,6.0000,1.5445,0.2742,91.4063,0,72,1,0,11454.8571
370,6.1667,1.5599,0.2896,93.9463,0,74,1,0,11454.8432
380,6.3333,1.5758,0.3055,96.4865,0,76,1,0,11454.8289
390,6.5000,1.5921,0.3218,99.0268,0,78,1,0,11454.8142
400,6.6667,1.6088,0.3385,101.5671,0,80,1,0,11454.7991
410,6.8333,1.6260,0.3557,104.1076,0,82,1,0,11454.7837
420,7.0000,1.6435,0.3732,106.6481,0,84,1,0,11454.7678
430,7.1667,1.6615,0.3912,109.1888,0,86,1,0,11454.7516
440,7.3333,1.6799,0.4096,111.7295,0,88,1,0,11454.7350
450,7.5000,1.6987,0.4284,114.2703,0,90,1,0,11454.7180
460,7.6667,1.7180,0.4477,116.8113,0,92,1,0,11454.7007
470,7.8333,1.7377,0.4674,119.3523,0,94,1,0,11454.6829
480,8.0000,1.7578,0.4875,121.8935,0,96,1,0,11454.6648
490,8.1667,1.7783,0.5080,124.4347,0,98,1,0,11454.6463
500,8.3333,1.7993,0.5290,126.9761,0,100,1,0,11454.6274
510,8.5000,1.8206,0.5503,129.5176,0,102,1,0,11454.6082
520,8.6667,1.8424,0.5721,132.0592,0,104,1,0,11454.5885
530,8.8333,1.8647,0.5944,134.6009,0,106,1,0,11454.5685
540,9.0000,1.8873,0.6170,137.1427,0,108,1,0,11454.5480
550,9.1667,1.9104,0.6401,139.6847,0,110,1,0,11454.5273
560,9.3333,1.9339,0.6636,142.2268,0,112,1,0,11454.5061
570,9.5000,1.9578,0.6875,144.7690,0,114,1,0,11454.4845
580,9.6667,1.9821,0.7118,147.3114,0,116,1,0,11454.4626
590,9.8333,2.0069,0.7366,149.8539,0,118,1,0,11454.4402
600,10.0000,2.0321,0.7618,152.3965,0,120,1,0,11454.4175
610,10.1667,2.0577,0.7874,154.9392,0,122,1,0,11454.3944
620,10.3333,2.0837,0.8134,157.4821,0,124,1,0,11454.3710
630,10.5000,2.1102,0.8399,160.0252,0,126,1,0,11454.3471
640,10.6667,2.1371,0.8668,162.5683,0,128,1,0,11454.3229
650,10.8333,2.1644,0.8941,165.1117,0,130,1,0,11454.2983
660,11.0000,2.1921,0.9218,167.6551,0,132,1,0,11454.2733
670,11.1667,2.2203,0.9500,170.1988,0,134,1,0,11454.2479
680,11.3333,2.2488,0.9785,172.7425,0,136,1,0,11454.2221
690,11.5000,2.2778,1.0075,175.2865,0,138,1,0,11454.1960
700,11.6667,2.3073,1.0370,177.8306,0,140,1,0,11454.1694
710,11.8333,2.3371,1.0668,180.3748,0,142,1,0,11454.1425
720,12.0000,2.3674,1.0971,182.9192,0,144,1,0,11454.1152
730,12.1667,2.3981,1.1278,185.4638,0,146,1,0,11454.0876
740,12.3333,2.4292,1.1589,188.0085,0,148,1,0,11454.0595
750,12.5000,2.4608,1.1905,190.5535,0,150,1,0,11454.0311
760,12.6667,2.4927,1.2224,193.0985,0,152,1,0,11454.0022
770,12.8333,2.5251,1.2548,195.6438,0,154,1,0,11453.9730
780,13.0000,2.5579,1.2876,198.1892,0,156,1,0,11453.9434
790,13.1667,2.5912,1.3209,200.7348,0,158,1,0,11453.9135
800,13.3333,2.6249,1.3546,203.2806,0,160,1,0,11453.8831
810,13.5000,2.6589,1.3886,205.8266,0,162,1,0,11453.8524
820,13.6667,2.6935,1.4232,208.3727,0,164,1,0,11453.8213
830,13.8333,2.7284,1.4581,210.9191,0,166,1,0,11453.7898
840,14.0000,2.7638,1.4935,213.4656,0,168,1,0,11453.7579
850,14.1667,2.7996,1.5293,216.0123,0,170,1,0,11453.7256
860,14.3333,2.8358,1.5655,218.5592,0,172,1,0,11453.6930
870,14.5000,2.8724,1.6021,221.1064,0,174,1,0,11453.6599
880,14.6667,2.9095,1.6392,223.6537,0,176,1,0,11453.6265
890,14.8333,2.9470,1.6767,226.2012,0,178,1,0,11453.5927
900,15.0000,2.9849,1.7146,228.7489,0,180,1,0,11453.5586
910,15.1667,3.0232,1.7529,231.2968,0,182,1,0,11453.5240
920,15.3333,3.0620,1.7917,233.8449,0,184,1,0,11453.4891
930,15.5000,3.1012,1.8309,236.3933,0,186,1,0,11453.4537
940,15.6667,3.1408,1.8705,238.9418,0,188,1,0,11453.4180
950,15.8333,3.1808,1.9105,241.4906,0,190,1,0,11453.3819
960,16.0000,3.2213,1.9510,244.0395,0,192,1,0,11453.3454
970,16.1667,3.2622,1.9919,246.5887,0,194,1,0,11453.3086
980,16.3333,3.3035,2.0332,249.1381,0,196,1,0,11453.2713
990,16.5000,3.3452,2.0749,251.6878,0,198,1,0,11453.2337
1000,16.6667,3.3874,2.1171,254.2376,0,200,1,0,11453.1957
1010,16.8333,3.4299,2.1596,256.7877,0,202,1,0,11453.1573
1020,17.0000,3.4730,2.2027,259.3380,0,204,1,0,11453.1185
1030,17.1667,3.5164,2.2461,261.8886,0,206,1,0,11453.0794
1040,17.3333,3.5603,2.2900,264.4394,0,208,1,0,11453.0398
1050,17.5000,3.6045,2.3342,266.9904,0,210,1,0,11452.9999
1060,17.6667,3.6492,2.3790,269.5416,0,212,1,0,11452.9596
1070,17.8333,3.6944,2.4241,272.0931,0,214,1,0,11452.9189
1080,18.0000,3.7399,2.4696,274.6449,0,216,1,0,11452.8778
1090,18.1667,3.7859,2.5156,277.1969,0,218,1,0,11452.8364
1100,18.3333,3.8323,2.5620,279.7491,0,220,1,0,11452.7945
1110,18.5000,3.8792,2.6089,282.3016,0,222,1,0,11452.7523
1120,18.6667,3.9264,2.6561,284.8543,0,224,1,0,11452.7097
1130,18.8333,3.9741,2.7038,287.4073,0,226,1,0,11452.6667
1140,19.0000,4.0222,2.7520,289.9605,0,228,1,0,11452.6234
1150,19.1667,4.0708,2.8005,292.5140,0,230,1,0,11452.5796
1160,19.3333,4.1198,2.8495,295.0678,0,232,1,0,11452.5354
1170,19.5000,4.1691,2.8988,297.6218,0,234,1,0,11452.4909
1180,19.6667,4.2190,2.9487,300.1761,0,236,1,0,11452.4460
1190,19.8333,4.2692,2.9989,302.7306,0,238,1,0,11452.4007
1200,20.0000,4.3199,3.0496,305.2855,0,240,1,0,11452.3550
1210,20.1667,4.3710,3.1007,307.8406,0,242,1,0,11452.3090
1220,20.3333,4.4225,3.1522,310.3959,0,244,1,0,11452.2625
1230,20.5000,4.4744,3.2041,312.9516,0,246,1,0,11452.2157
1240,20.6667,4.5268,3.2565,315.5075,0,248,1,0,11452.1685
1250,20.8333,4.5796,3.3093,318.0637,0,250,1,0,11452.1209
1260,21.0000,4.6328,3.3625,320.6202,0,252,1,0,11452.0729
1270,21.1667,4.6865,3.4162,323.1769,0,254,1,0,11452.0246
1280,21.3333,4.7405,3.4702,325.7340,0,256,1,0,11451.9758
1290,21.5000,4.7951,3.5248,328.2913,0,258,1,0,11451.9267
1300,21.6667,4.8500,3.5797,330.8490,0,260,1,0,11451.8772
1310,21.8333,4.9053,3.6350,333.4069,0,262,1,0,11451.8273
1320,22.0000,4.9611,3.6908,335.9651,0,264,1,0,11451.7770
1330,22.1667,5.0173,3.7470,338.5237,0,266,1,0,11451.7263
1340,22.3333,5.0740,3.8037,341.0825,0,268,1,0,11451.6752
1350,22.5000,5.1310,3.8607,343.6416,0,270,1,0,11451.6238
1360,22.6667,5.1885,3.9182,346.2010,0,272,1,0,11451.5720
1370,22.8333,5.2464,3.9761,348.7608,0,274,1,0,11451.5198
1380,23.0000,5.3048,4.0345,351.3208,0,276,2,0,11451.4672
1390,23.1667,5.3635,4.0932,353.8812,0,278,2,0,11451.4142
1400,23.3333,5.4227,4.1524,356.4418,0,280,2,0,11451.3608
1410,23.5000,5.4823,4.2120,359.0028,0,282,2,0,11451.3071
1420,23.6667,5.5424,4.2721,361.5641,0,284,2,0,11451.2530
1430,23.8333,5.6029,4.3326,364.1257,0,286,2,0,11451.1984
1440,24.0000,5.6638,4.3935,366.6877,0,288,2,0,11451.1435
1450,24.1667,5.7251,4.4548,369.2499,0,290,2,0,11451.0883
1460,24.3333,5.7868,4.5165,371.8125,0,292,2,0,11451.0326
1470,24.5000,5.8490,4.5787,374.3754,0,294,2,0,11450.9765
1480,24.6667,5.9116,4.6413,376.9387,0,296,2,0,11450.9201
1490,24.8333,5.9747,4.7044,379.5023,0,298,2,0,11450.8633
1500,25.0000,6.0381,4.7678,382.0662,0,300,2,0,11450.8061
1510,25.1667,6.1020,4.8317,384.6304,0,302,2,0,11450.7485
1520,25.3333,6.1663,4.8960,387.1950,0,304,2,0,11450.6905
1530,25.5000,6.2311,4.9608,389.7600,0,306,2,0,11450.6321
1540,25.6667,6.2963,5.0260,392.3253,0,308,2,0,11450.5734
1550,25.8333,6.3619,5.0916,394.8909,0,310,2,0,11450.5142
1560,26.0000,6.4279,5.1576,397.4568,0,312,2,0,11450.4547
1570,26.1667,6.4944,5.2241,400.0232,0,314,2,0,11450.3948
1580,26.3333,6.5612,5.2909,402.5898,0,316,2,0,11450.3345
1590,26.5000,6.6285,5.3583,405.1569,0,318,2,0,11450.2738
1600,26.6667,6.6963,5.4260,407.7242,0,320,2,0,11450.2127
1610,26.8333,6.7645,5.4942,410.2920,0,322,2,0,11450.1513
1620,27.0000,6.8331,5.5628,412.8601,0,324,2,0,11450.0895
1630,27.1667,6.9021,5.6318,415.4285,0,326,2,0,11450.0272
1640,27.3333,6.9715,5.7012,417.9974,0,328,2,0,11449.9646
1650,27.5000,7.0414,5.7711,420.5666,0,330,2,0,11449.9016
1660,27.6667,7.1117,5.8414,423.1361,0,332,2,0,11449.8383
1670,27.8333,7.1825,5.9122,425.7061,0,334,2,0,11449.7745
1680,28.0000,7.2536,5.9833,428.2764,0,336,2,0,11449.7103
1690,28.1667,7.3252,6.0549,430.8470,0,338,2,0,11449.6458
1700,28.3333,7.3972,6.1269,433.4181,0,340,2,0,11449.5809
1710,28.5000,7.4697,6.1994,435.9895,0,342,2,0,11449.5156
1720,28.6667,7.5426,6.2723,438.5614,0,344,2,0,11449.4499
1730,28.8333,7.6159,6.3456,441.1336,0,346,2,0,11449.3838
1740,29.0000,7.6896,6.4193,443.7061,0,348,2,0,11449.3173
1750,29.1667,7.7638,6.4935,446.2791,0,350,2,0,11449.2505
1760,29.3333,7.8384,6.5681,448.8525,0,352,2,0,11449.1832
1770,29.5000,7.9134,6.6431,451.4263,0,354,2,0,11449.1156
1780,29.6667,7.9888,6.7185,454.0004,0,356,2,0,11449.0476
1790,29.8333,8.0647,6.7944,456.5750,0,358,2,0,11448.9792
1800,30.0000,8.1410,6.8707,459.1499,0,360,2,0,11448.9104
1810,30.1667,8.2178,6.9475,461.7253,0,362,2,0,11448.8412
1820,30.3333,8.2949,7.0246,464.3010,0,364,2,0,11448.7716
1830,30.5000,8.3725,7.1022,466.8772,0,366,2,0,11448.7017
1840,30.6667,8.4506,7.1803,469.4537,0,368,2,0,11448.6314
1850,30.8333,8.5290,7.2587,472.0307,0,370,2,0,11448.5606
1860,31.0000,8.6079,7.3376,474.6081,0,372,2,0,11448.4895
1870,31.1667,8.6872,7.4169,477.1859,0,374,2,0,11448.4180
1880,31.3333,8.7670,7.4967,479.7641,0,376,2,0,11448.3461
1890,31.5000,8.8472,7.5769,482.3427,0,378,2,0,11448.2739
1900,31.6667,8.9278,7.6575,484.9218,0,380,2,0,11448.2012
1910,31.8333,9.0088,7.7385,487.5012,0,382,2,0,11448.1282
1920,32.0000,9.0903,7.8200,490.0811,0,384,2,0,11448.0547
1930,32.1667,9.1722,7.9019,492.6614,0,386,2,0,11447.9809
1940,32.3333,9.2545,7.9842,495.2422,0,388,2,0,11447.9067
1950,32.5000,9.3372,8.0669,497.8234,0,390,3,0,11447.8321
1960,32.6667,9.4204,8.1501,500.4050,0,392,3,0,11447.7571
1970,32.8333,9.5040,8.2337,502.9870,0,394,3,0,11447.6817
1980,33.0000,9.5881,8.3178,505.5695,0,396,3,0,11447.6060
1990,33.1667,9.6726,8.4023,508.1524,0,398,3,0,11447.5298
2000,33.3333,9.7575,8.4872,510.7358,0,400,3,0,11447.4533
2010,33.5000,9.8428,8.5725,513.3196,0,402,3,0,11447.3764
2020,33.6667,9.9286,8.6583,515.9038,0,404,3,0,11447.2991
2030,33.8333,10.0148,8.7445,518.4885,0,406,3,0,11447.2214
2040,34.0000,10.1014,8.8311,521.0736,0,408,3,0,11447.1433
2050,34.1667,10.1885,8.9182,523.6592,0,410,3,0,11447.0648
2060,34.3333,10.2760,9.0057,526.2452,0,412,3,0,11446.9859
2070,34.5000,10.3639,9.0936,528.8317,0,414,3,0,11446.9067
2080,34.6667,10.4522,9.1819,531.4187,0,416,3,0,11446.8270
2090,34.8333,10.5410,9.2707,534.0061,0,418,3,0,11446.7470
2100,35.0000,10.6302,9.3599,536.5940,0,420,3,0,11446.6666
2110,35.1667,10.7199,9.4496,539.1823,0,422,3,0,11446.5858
2120,35.3333,10.8100,9.5397,541.7711,0,424,3,0,11446.5046
2130,35.5000,10.9005,9.6302,544.3603,0,426,3,0,11446.4230
2140,35.6667,10.9914,9.7211,546.9501,0,428,3,0,11446.3410
2150,35.8333,11.0828,9.8125,549.5403,0,430,3,0,11446.2586
2160,36.0000,11.1746,9.9043,552.1309,0,432,3,0,11446.1759
2170,36.1667,11.2668,9.9965,554.7221,0,434,3,0,11446.0927
2180,36.3333,11.3595,10.0892,557.3137,0,436,3,0,11446.0092
2190,36.5000,11.4526,10.1823,559.9058,0,438,3,0,11445.9253
2200,36.6667,11.5461,10.2758,562.4984,0,440,3,0,11445.8410
2210,36.8333,11.6401,10.3698,565.0914,0,442,3,0,11445.7563
2220,37.0000,11.7345,10.4642,567.6850,0,444,3,0,11445.6712
2230,37.1667,11.8293,10.5590,570.2790,0,446,3,0,11445.5857
2240,37.3333,11.9246,10.6543,572.8736,0,448,3,0,11445.4999
2250,37.5000,12.0203,10.7500,575.4686,0,450,3,0,11445.4136
2260,37.6667,12.1164,10.8461,578.0641,0,452,3,0,11445.3269
2270,37.8333,12.2130,10.9427,580.6601,0,454,3,0,11445.2399
2280,38.0000,12.3100,11.0397,583.2566,0,456,3,0,11445.1525
2290,38.1667,12.4074,11.1371,585.8536,0,458,3,0,11445.0647
2300,38.3333,12.5053,11.2350,588.4511,0,460,3,0,11444.9765
2310,38.5000,12.6035,11.3333,591.0491,0,462,3,0,11444.8879
2320,38.6667,12.7023,11.4320,593.6476,0,464,3,0,11444.7989
2330,38.8333,12.8014,11.5311,596.2466,0,466,3,0,11444.7095
2340,39.0000,12.9010,11.6307,598.8461,0,468,3,0,11444.6197
2350,39.1667,13.0010,11.7307,601.4461,0,470,3,0,11444.5296
2360,39.3333,13.1015,11.8312,604.0467,0,472,3,0,11444.4390
2370,39.5000,13.2024,11.9321,606.6477,0,474,3,0,11444.3481
2380,39.6667,13.3037,12.0334,609.2493,0,476,4,0,11444.2568
2390,39.8333,13.4055,12.1352,611.8514,0,478,4,0,11444.1650
2400,40.0000,13.5077,12.2374,614.4540,0,480,4,0,11444.0729
2410,40.1667,13.6103,12.3400,617.0571,0,482,4,0,11443.9804
2420,40.3333,13.7134,12.4431,619.6608,0,484,4,0,11443.8875
2430,40.5000,13.8169,12.5466,622.2650,0,486,4,0,11443.7943
2440,40.6667,13.9208,12.6505,624.8697,0,488,4,0,11443.7006
2450,40.8333,14.0251,12.7548,627.4749,0,490,4,0,11443.6065
2460,41.0000,14.1299,12.8596,630.0807,0,492,4,0,11443.5121
2470,41.1667,14.2352,12.9649,632.6870,0,494,4,0,11443.4172
2480,41.3333,14.3408,13.0705,635.2938,0,496,4,0,11443.3220
2490,41.5000,14.4469,13.1766,637.9012,0,498,4,0,11443.2263
2500,41.6667,14.5535,13.2832,640.5091,0,500,4,0,11443.1303
2510,41.8333,14.6604,13.3901,643.1176,0,502,4,0,11443.0339
2520,42.0000,14.7678,13.4975,645.7266,0,504,4,0,11442.9371
2530,42.1667,14.8757,13.6054,648.3361,0,506,4,0,11442.8399
2540,42.3333,14.9840,13.7137,650.9462,0,508,4,0,11442.7423
2550,42.5000,15.0927,13.8224,653.5569,0,510,4,0,11442.6443
2560,42.6667,15.2018,13.9315,656.1681,0,512,4,0,11442.5459
2570,42.8333,15.3114,14.0411,658.7798,0,514,4,0,11442.4472
2580,43.0000,15.4214,14.1511,661.3921,0,516,4,0,11442.3480
2590,43.1667,15.5318,14.2615,664.0050,0,518,4,0,11442.2485
2600,43.3333,15.6427,14.3724,666.6184,0,520,4,0,11442.1485
2610,43.5000,15.7541,14.4838,669.2324,0,522,4,0,11442.0482
2620,43.6667,15.8658,14.5955,671.8469,0,524,4,0,11441.9475
2630,43.8333,15.9780,14.7077,674.4620,0,526,4,0,11441.8463
2640,44.0000,16.0906,14.8203,677.0777,0,528,4,0,11441.7448
2650,44.1667,16.2037,14.9334,679.6939,0,530,4,0,11441.6429
2660,44.3333,16.3172,15.0469,682.3107,0,532,4,0,11441.5406
2670,44.5000,16.4311,15.1608,684.9281,0,534,4,0,11441.4379
2680,44.6667,16.5455,15.2752,687.5461,0,536,4,0,11441.3349
2690,44.8333,16.6603,15.3900,690.1646,0,538,4,0,11441.2314
2700,45.0000,16.7756,15.5053,692.7837,0,540,4,0,11441.1275
2710,45.1667,16.8912,15.6209,695.4034,0,542,4,0,11441.0232
2720,45.3333,17.0074,15.7371,698.0237,0,544,4,0,11440.9186
2730,45.5000,17.1239,15.8536,700.6445,0,546,4,0,11440.8135
2740,45.6667,17.2409,15.9706,703.2659,0,548,4,0,11440.7081
2750,45.8333,17.3583,16.0880,705.8880,0,550,5,0,11440.6023
2760,46.0000,17.4762,16.2059,708.5106,0,552,5,0,11440.4960
2770,46.1667,17.5945,16.3242,711.1338,0,554,5,0,11440.3894
2780,46.3333,17.7132,16.4429,713.7576,0,556,5,0,11440.2824
2790,46.5000,17.8324,16.5621,716.3820,0,558,5,0,11440.1750
2800,46.6667,17.9520,16.6817,719.0070,0,560,5,0,11440.0672
2810,46.8333,18.0721,16.8018,721.6325,0,562,5,0,11439.9590
2820,47.0000,18.1926,16.9223,724.2587,0,564,5,0,11439.8504
2830,47.1667,18.3135,17.0432,726.8855,0,566,5,0,11439.7414
2840,47.3333,18.4349,17.1646,729.5129,0,568,5,0,11439.6320
2850,47.5000,18.5567,17.2864,732.1409,0,570,5,0,11439.5222
2860,47.6667,18.6789,17.4086,734.7695,0,572,5,0,11439.4120
2870,47.8333,18.8016,17.5313,737.3987,0,574,5,0,11439.3015
2880,48.0000,18.9247,17.6544,740.0285,0,576,5,0,11439.1905
2890,48.1667,19.0483,17.7780,742.6589,0,578,5,0,11439.0791
2900,48.3333,19.1723,17.9020,745.2900,0,580,5,0,11438.9674
2910,48.5000,19.2967,18.0264,747.9216,0,582,5,0,11438.8552
2920,48.6667,19.4216,18.1513,750.5539,0,584,5,0,11438.7427
2930,48.8333,19.5469,18.2766,753.1868,0,586,5,0,11438.6298
2940,49.0000,19.6727,18.4024,755.8203,0,588,5,0,11438.5164
2950,49.1667,19.7988,18.5285,758.4545,0,590,5,0,11438.4027
2960,49.3333,19.9255,18.6552,761.0892,0,592,5,0,11438.2886
2970,49.5000,20.0525,18.7822,763.7246,0,594,5,0,11438.1741
2980,49.6667,20.1800,18.9097,766.3607,0,596,5,0,11438.0592
2990,49.8333,20.3080,19.0377,768.9973,0,598,5,0,11437.9438
3000,50.0000,20.4364,19.1661,771.6346,0,600,5,0,11437.8281
3010,50.1667,20.5652,19.2949,774.2725,0,602,5,0,11437.7120
3020,50.3333,20.6945,19.4242,776.9111,0,604,5,0,11437.5955
3030,50.5000,20.8242,19.5539,779.5503,0,606,5,0,11437.4786
3040,50.6667,20.9543,19.6840,782.1901,0,608,5,0,11437.3613
3050,50.8333,21.0849,19.8146,784.8306,0,610,5,0,11437.2437
3060,51.0000,21.2159,19.9456,787.4717,0,612,5,0,11437.1256
3070,51.1667,21.3474,20.0771,790.1135,0,614,6,0,11437.0071
3080,51.3333,21.4793,20.2090,792.7559,0,616,6,0,11436.8882
3090,51.5000,21.6116,20.3413,795.3989,0,618,6,0,11436.7690
3100,51.6667,21.7444,20.4741,798.0426,0,620,6,0,11436.6493
3110,51.8333,21.8777,20.6074,800.6870,0,622,6,0,11436.5292
3120,52.0000,22.0113,20.7410,803.3320,0,624,6,0,11436.4088
3130,52.1667,22.1454,20.8751,805.9776,0,626,6,0,11436.2879
3140,52.3333,22.2800,21.0097,808.6240,0,628,6,0,11436.1666
3150,52.5000,22.4150,21.1447,811.2709,0,630,6,0,11436.0450
3160,52.6667,22.5504,21.2801,813.9186,0,632,6,0,11435.9229
3170,52.8333,22.6863,21.4160,816.5669,0,634,6,0,11435.8005
3180,53.0000,22.8226,21.5523,819.2158,0,636,6,0,11435.6776
3190,53.1667,22.9594,21.6891,821.8655,0,638,6,0,11435.5544
3200,53.3333,23.0966,21.8263,824.5158,0,640,6,0,11435.4307
3210,53.5000,23.2342,21.9639,827.1667,0,642,6,0,11435.3067
3220,53.6667,23.3723,22.1020,829.8184,0,644,6,0,11435.1823
3230,53.8333,23.5108,22.2405,832.4707,0,646,6,0,11435.0574
3240,54.0000,23.6498,22.3795,835.1237,0,648,6,0,11434.9322
3250,54.1667,23.7892,22.5189,837.7773,0,650,6,0,11434.8066
3260,54.3333,23.9290,22.6587,840.4317,0,652,6,0,11434.6805
3270,54.5000,24.0693,22.7990,843.0867,0,654,6,0,11434.5541
3280,54.6667,24.2101,22.9398,845.7424,0,656,6,0,11434.4273
3290,54.8333,24.3512,23.0809,848.3987,0,658,6,0,11434.3000
3300,55.0000,24.4929,23.2226,851.0558,0,660,6,0,11434.1724
3310,55.1667,24.6349,23.3646,853.7135,0,662,6,0,11434.0444
3320,55.3333,24.7774,23.5071,856.3720,0,664,6,0,11433.9160
3330,55.5000,24.9204,23.6501,859.0311,0,666,6,0,11433.7872
3340,55.6667,25.0638,23.7935,861.6909,0,668,6,0,11433.6579
3350,55.8333,25.2076,23.9373,864.3514,0,670,6,0,11433.5283
3360,56.0000,25.3519,24.0816,867.0126,0,672,7,0,11433.3983
3370,56.1667,25.4966,24.2263,869.6745,0,674,7,0,11433.2679
3380,56.3333,25.6418,24.3715,872.3371,0,676,7,0,11433.1371
3390,56.5000,25.7874,24.5171,875.0004,0,678,7,0,11433.0058
3400,56.6667,25.9334,24.6631,877.6644,0,680,7,0,11432.8742
3410,56.8333,26.0799,24.8096,880.3291,0,682,7,0,11432.7422
3420,57.0000,26.2269,24.9566,882.9945,0,684,7,0,11432.6098
3430,57.1667,26.3743,25.1040,885.6606,0,686,7,0,11432.4770
3440,57.3333,26.5221,25.2518,888.3274,0,688,7,0,11432.3438
3450,57.5000,26.6704,25.4001,890.9949,0,690,7,0,11432.2101
3460,57.6667,26.8191,25.5488,893.6631,0,692,7,0,11432.0761
3470,57.8333,26.9683,25.6980,896.3321,0,694,7,0,11431.9417
3480,58.0000,27.1179,25.8476,899.0017,0,696,7,0,11431.8069
3490,58.1667,27.2679,25.9976,901.6721,0,698,7,0,11431.6717
3500,58.3333,27.4184,26.1481,904.3432,0,700,7,0,11431.5360
3510,58.5000,27.5694,26.2991,907.0150,0,702,7,0,11431.4000
3520,58.6667,27.7208,26.4505,909.6875,0,704,7,0,11431.2636
3530,58.8333,27.8726,26.6023,912.3607,0,706,7,0,11431.1268
3540,59.0000,28.0249,26.7546,915.0347,0,708,7,0,11430.9896
3550,59.1667,28.1776,26.9073,917.7094,0,710,7,0,11430.8519
3560,59.3333,28.3308,27.0605,920.3848,0,712,7,0,11430.7139
3570,59.5000,28.4844,27.2141,923.0610,0,714,7,0,11430.5755
3580,59.6667,28.6385,27.3682,925.7379,0,716,7,0,11430.4366
3590,59.8333,28.7930,27.5227,928.4155,0,718,7,0,11430.2974
3600,60.0000,28.9480,27.6777,931.0938,0,720,7,0,11430.1578
3610,60.1667,29.1034,27.8331,933.7729,0,722,7,0,11430.0177
3620,60.3333,29.2592,27.9889,936.4527,0,724,7,0,11429.8773
3630,60.5000,29.4155,28.1452,939.1332,0,726,8,0,11429.7365
3640,60.6667,29.5723,28.3020,941.8145,0,728,8,0,11429.5952
3650,60.8333,29.7295,28.4592,944.4966,0,730,8,0,11429.4536
3660,61.0000,29.8871,28.6168,947.1793,0,732,8,0,11429.3115
3670,61.1667,30.0452,28.7749,949.8628,0,734,8,0,11429.1691
3680,61.3333,30.2037,28.9334,952.5471,0,736,8,0,11429.0262
3690,61.5000,30.3627,29.0924,955.2321,0,738,8,0,11428.8830
3700,61.6667,30.5221,29.2518,957.9179,0,740,8,0,11428.7393
3710,61.8333,30.6820,29.4117,960.6044,0,742,8,0,11428.5953
3720,62.0000,30.8423,29.5720,963.2916,0,744,8,0,11428.4508
3730,62.1667,31.0031,29.7328,965.9796,0,746,8,0,11428.3059
3740,62.3333,31.1643,29.8940,968.6684,0,748,8,0,11428.1607
3750,62.5000,31.3260,30.0557,971.3579,0,750,8,0,11428.0150
3760,62.6667,31.4881,30.2178,974.0482,0,752,8,0,11427.8689
3770,62.8333,31.6507,30.3804,976.7392,0,754,8,0,11427.7224
3780,63.0000,31.8137,30.5434,979.4310,0,756,8,0,11427.5756
3790,63.1667,31.9772,30.7069,982.1236,0,758,8,0,11427.4283
3800,63.3333,32.1411,30.8708,984.8169,0,760,8,0,11427.2806
3810,63.5000,32.3054,31.0351,987.5110,0,762,8,0,11427.1325
3820,63.6667,32.4702,31.1999,990.2058,0,764,8,0,11426.9840
3830,63.8333,32.6355,31.3652,992.9014,0,766,8,0,11426.8351
3840,64.0000,32.8012,31.5309,995.5978,0,768,8,0,11426.6858
3850,64.1667,32.9674,31.6971,998.2950,0,770,8,0,11426.5360
3860,64.3333,33.1340,31.8637,1000.9929,0,772,8,0,11426.3859
3870,64.5000,33.3010,32.0307,1003.6916,0,774,8,0,11426.2354
3880,64.6667,33.4685,32.1982,1006.3911,0,776,9,0,11426.0845
3890,64.8333,33.6365,32.3662,1009.0914,0,778,9,0,11425.9331
3900,65.0000,33.8049,32.5346,1011.7924,0,780,9,0,11425.7814
3910,65.1667,33.9738,32.7035,1014.4942,0,782,9,0,11425.6293
3920,65.3333,34.1431,32.8728,1017.1968,0,784,9,0,11425.4767
3930,65.5000,34.3128,33.0425,1019.9002,0,786,9,0,11425.3238
3940,65.6667,34.4830,33.2127,1022.6044,0,788,9,0,11425.1704
3950,65.8333,34.6537,33.3834,1025.3093,0,790,9,0,11425.0166
3960,66.0000,34.8248,33.5545,1028.0150,0,792,9,0,11424.8625
3970,66.1667,34.9964,33.7261,1030.7216,0,794,9,0,11424.7079
3980,66.3333,35.1684,33.8981,1033.4289,0,796,9,0,11424.5529
3990,66.5000,35.3408,34.0705,1036.1370,0,798,9,0,11424.3975
4000,66.6667,35.5137,34.2434,1038.8459,0,800,9,0,11424.2417
4010,66.8333,35.6871,34.4168,1041.5556,0,802,9,0,11424.0855
4020,67.0000,35.8609,34.5906,1044.2661,0,804,9,0,11423.9289
4030,67.1667,36.0352,34.7649,1046.9773,0,806,9,0,11423.7719
4040,67.3333,36.2099,34.9396,1049.6894,0,808,9,0,11423.6145
4050,67.5000,36.3851,35.1148,1052.4023,0,810,9,0,11423.4567
4060,67.6667,36.5607,35.2904,1055.1160,0,812,9,0,11423.2984
4070,67.8333,36.7368,35.4665,1057.8305,0,814,9,0,11423.1398
4080,68.0000,36.9133,35.6430,1060.5458,0,816,9,0,11422.9807
4090,68.1667,37.0903,35.8200,1063.2619,0,818,9,0,11422.8213
4100,68.3333,37.2678,35.9975,1065.9788,0,820,9,0,11422.6614
4110,68.5000,37.4456,36.1753,1068.6965,0,822,10,0,11422.5011
4120,68.6667,37.6240,36.3537,1071.4150,0,824,10,0,11422.3405
4130,68.8333,37.8028,36.5325,1074.1343,0,826,10,0,11422.1794
4140,69.0000,37.9820,36.7117,1076.8545,0,828,10,0,11422.0179
4150,69.1667,38.1617,36.8914,1079.5754,0,830,10,0,11421.8560
4160,69.3333,38.3419,37.0716,1082.2972,0,832,10,0,11421.6937
4170,69.5000,38.5225,37.2522,1085.0198,0,834,10,0,11421.5310
4180,69.6667,38.7036,37.4333,1087.7432,0,836,10,0,11421.3678
4190,69.8333,38.8851,37.6148,1090.4674,0,838,10,0,11421.2043
4200,70.0000,39.0671,37.7968,1093.1925,0,840,10,0,11421.0403
4210,70.1667,39.2495,37.9792,1095.9183,0,842,10,0,11420.8760
4220,70.3333,39.4324,38.1621,1098.6450,0,844,10,0,11420.7112
4230,70.5000,39.6157,38.3454,1101.3725,0,846,10,0,11420.5461
4240,70.6667,39.7995,38.5292,1104.1009,0,848,10,0,11420.3805
4250,70.8333,39.9837,38.7134,1106.8301,0,850,10,0,11420.2145
4260,71.0000,40.1684,38.8981,1109.5600,0,852,10,0,11420.0481
4270,71.1667,40.3536,39.0833,1112.2909,0,854,10,0,11419.8813
4280,71.3333,40.5392,39.2689,1115.0225,0,856,10,0,11419.7141
4290,71.5000,40.7253,39.4550,1117.7550,0,858,10,0,11419.5464
4300,71.6667,40.9118,39.6415,1120.4883,0,860,10,0,11419.3784
4310,71.8333,41.0988,39.8285,1123.2225,0,862,10,0,11419.2100
4320,72.0000,41.2862,40.0159,1125.9575,0,864,10,0,11419.0411
4330,72.1667,41.4741,40.2038,1128.6933,0,866,11,0,11418.8718
4340,72.3333,41.6624,40.3921,1131.4300,0,868,11,0,11418.7022
4350,72.5000,41.8512,40.5809,1134.1675,0,870,11,0,11418.5321
4360,72.6667,42.0405,40.7702,1136.9059,0,872,11,0,11418.3616
4370,72.8333,42.2302,40.9599,1139.6451,0,874,11,0,11418.1907
4380,73.0000,42.4204,41.1501,1142.3851,0,876,11,0,11418.0194
4390,73.1667,42.6110,41.3407,1145.1260,0,878,11,0,11417.8476
4400,73.3333,42.8021,41.5318,1147.8677,0,880,11,0,11417.6755
4410,73.5000,42.9936,41.7233,1150.6103,0,882,11,0,11417.5029
4420,73.6667,43.1856,41.9153,1153.3537,0,884,11,0,11417.3300
4430,73.8333,43.3781,42.1078,1156.0980,0,886,11,0,11417.1566
4440,74.0000,43.5710,42.3007,1158.8431,0,888,11,0,11416.9828
4450,74.1667,43.7643,42.4940,1161.5891,0,890,11,0,11416.8086
4460,74.3333,43.9582,42.6879,1164.3360,0,892,11,0,11416.6340
4470,74.5000,44.1524,42.8821,1167.0837,0,894,11,0,11416.4590
4480,74.6667,44.3472,43.0769,1169.8322,0,896,11,0,11416.2835
4490,74.8333,44.5424,43.2721,1172.5816,0,898,11,0,11416.1077
4500,75.0000,44.7381,43.4678,1175.3319,0,900,11,0,11415.9314
4510,75.1667,44.9342,43.6639,1178.0830,0,902,11,0,11415.7548
4520,75.3333,45.1307,43.8604,1180.8350,0,904,11,0,11415.5777
4530,75.5000,45.3278,44.0575,1183.5879,0,906,11,0,11415.4002
4540,75.6667,45.5253,44.2550,1186.3416,0,908,12,0,11415.2223
4550,75.8333,45.7232,44.4529,1189.0962,0,910,12,0,11415.0440
4560,76.0000,45.9216,44.6513,1191.8516,0,912,12,0,11414.8652
4570,76.1667,46.1205,44.8502,1194.6079,0,914,12,0,11414.6861
4580,76.3333,46.3198,45.0495,1197.3651,0,916,12,0,11414.5065
4590,76.5000,46.5196,45.2493,1200.1232,0,918,12,0,11414.3266
4600,76.6667,46.7199,45.4496,1202.8821,0,920,12,0,11414.1462
4610,76.8333,46.9206,45.6503,1205.6419,0,922,12,0,11413.9654
4620,77.0000,47.1218,45.8515,1208.4026,0,924,12,0,11413.7842
4630,77.1667,47.3234,46.0531,1211.1641,0,926,12,0,11413.6025
4640,77.3333,47.5255,46.2552,1213.9265,0,928,12,0,11413.4205
4650,77.5000,47.7280,46.4577,1216.6898,0,930,12,0,11413.2380
4660,77.6667,47.9310,46.6608,1219.4540,0,932,12,0,11413.0552
4670,77.8333,48.1345,46.8642,1222.2191,0,934,12,0,11412.8719
4680,78.0000,48.3385,47.0682,1224.9850,0,936,12,0,11412.6882
4690,78.1667,48.5429,47.2726,1227.7518,0,938,12,0,11412.5041
4700,78.3333,48.7477,47.4774,1230.5195,0,940,12,0,11412.3195
4710,78.5000,48.9530,47.6827,1233.2881,0,942,12,0,11412.1346
4720,78.6667,49.1588,47.8885,1236.0576,0,944,12,0,11411.9492
4730,78.8333,49.3650,48.0947,1238.8280,0,946,13,0,11411.7635
4740,79.0000,49.5717,48.3014,1241.5992,0,948,13,0,11411.5773
4750,79.1667,49.7789,48.5086,1244.3714,0,950,13,0,11411.3907
4760,79.3333,49.9865,48.7162,1247.1444,0,952,13,0,11411.2036
4770,79.5000,50.1946,48.9243,1249.9183,0,954,13,0,11411.0162
4780,79.6667,50.4032,49.1329,1252.6931,0,956,13,0,11410.8284
4790,79.8333,50.6122,49.3419,1255.4688,0,958,13,0,11410.6401
4800,80.0000,50.8217,49.5514,1258.2454,0,960,13,0,11410.4514
4810,80.1667,51.0316,49.7613,1261.0229,0,962,13,0,11410.2623
4820,80.3333,51.2420,49.9717,1263.8013,0,964,13,0,11410.0728
4830,80.5000,51.4529,50.1826,1266.5806,0,966,13,0,11409.8829
4840,80.6667,51.6642,50.3939,1269.3608,0,968,13,0,11409.6925
4850,80.8333,51.8760,50.6057,1272.1419,0,970,13,0,11409.5017
4860,81.0000,52.0882,50.8179,1274.9238,0,972,13,0,11409.3106
4870,81.1667,52.3010,51.0307,1277.7067,0,974,13,0,11409.1190
4880,81.3333,52.5141,51.2439,1280.4905,0,976,13,0,11408.9270
4890,81.5000,52.7278,51.4575,1283.2752,0,978,13,0,11408.7345
4900,81.6667,52.9419,51.6716,1286.0608,0,980,13,0,11408.5417
4910,81.8333,53.1565,51.8862,1288.8473,0,982,13,0,11408.3484
4920,82.0000,53.3715,52.1012,1291.6348,0,984,14,0,11408.1547
4930,82.1667,53.5870,52.3167,1294.4231,0,986,14,0,11407.9606
4940,82.3333,53.8030,52.5327,1297.2123,0,988,14,0,11407.7661
4950,82.5000,54.0194,52.7491,1300.0025,0,990,14,0,11407.5711
4960,82.6667,54.2363,52.9660,1302.7935,0,992,14,0,11407.3758
4970,82.8333,54.4537,53.1834,1305.5855,0,994,14,0,11407.1800
4980,83.0000,54.6715,53.4012,1308.3784,0,996,14,0,11406.9838
4990,83.1667,54.8898,53.6195,1311.1722,0,998,14,0,11406.7872
5000,83.3333,55.1086,53.8383,1313.9669,0,1000,14,0,11406.5902
5010,83.5000,55.3278,54.0575,1316.7625,0,1002,14,0,11406.3927
5020,83.6667,55.5475,54.2772,1319.5591,0,1004,14,0,11406.1949
5030,83.8333,55.7677,54.4974,1322.3565,0,1006,14,0,11405.9966
5040,84.0000,55.9883,54.7180,1325.1549,0,1008,14,0,11405.7979
5050,84.1667,56.2094,54.9391,1327.9542,0,1010,14,0,11405.5987
5060,84.3333,56.4309,55.1606,1330.7545,0,1012,14,0,11405.3992
5070,84.5000,56.6530,55.3827,1333.5556,0,1014,14,0,11405.1992
5080,84.6667,56.8755,55.6052,1336.3577,0,1016,14,0,11404.9988
5090,84.8333,57.0984,55.8281,1339.1607,0,1018,14,0,11404.7980
5100,85.0000,57.3218,56.0515,1341.9646,0,1020,14,0,11404.5968
5110,85.1667,57.5457,56.2754,1344.7695,0,1022,15,0,11404.3952
5120,85.3333,57.7701,56.4998,1347.5753,0,1024,15,0,11404.1931
5130,85.5000,57.9949,56.7246,1350.3820,0,1026,15,0,11403.9906
5140,85.6667,58.2202,56.9499,1353.1896,0,1028,15,0,11403.7877
5150,85.8333,58.4460,57.1757,1355.9982,0,1030,15,0,11403.5844
5160,86.0000,58.6722,57.4019,1358.8077,0,1032,15,0,11403.3806
5170,86.1667,58.8989,57.6286,1361.6182,0,1034,15,0,11403.1765
5180,86.3333,59.1261,57.8558,1364.4295,0,1036,15,0,11402.9719
5190,86.5000,59.3537,58.0834,1367.2419,0,1038,15,0,11402.7669
5200,86.6667,59.5819,58.3116,1370.0551,0,1040,15,0,11402.5614
5210,86.8333,59.8104,58.5401,1372.8693,0,1042,15,0,11402.3556
5220,87.0000,60.0395,58.7692,1375.6844,0,1044,15,0,11402.1493
5230,87.1667,60.2690,58.9987,1378.5005,0,1046,15,0,11401.9426
5240,87.3333,60.4990,59.2287,1381.3175,0,1048,15,0,11401.7355
5250,87.5000,60.7294,59.4591,1384.1354,0,1050,15,0,11401.5279
5260,87.6667,60.9604,59.6901,1386.9543,0,1052,15,0,11401.3200
5270,87.8333,61.1917,59.9214,1389.7741,0,1054,15,0,11401.1116
5280,88.0000,61.4236,60.1533,1392.5949,0,1056,16,0,11400.9028
5290,88.1667,61.6559,60.3856,1395.4166,0,1058,16,0,11400.6936
5300,88.3333,61.8888,60.6185,1398.2392,0,1060,16,0,11400.4839
5310,88.5000,62.1220,60.8517,1401.0628,0,1062,16,0,11400.2738
5320,88.6667,62.3558,61.0855,1403.8874,0,1064,16,0,11400.0633
5330,88.8333,62.5900,61.3197,1406.7129,0,1066,16,0,11399.8524
5340,89.0000,62.8247,61.5544,1409.5393,0,1068,16,0,11399.6411
5350,89.1667,63.0598,61.7895,1412.3667,0,1070,16,0,11399.4293
5360,89.3333,63.2955,62.0252,1415.1951,0,1072,16,0,11399.2171
5370,89.5000,63.5316,62.2613,1418.0244,0,1074,16,0,11399.0045
5380,89.6667,63.7681,62.4978,1420.8546,0,1076,16,0,11398.7914
5390,89.8333,64.0052,62.7349,1423.6858,0,1078,16,0,11398.5780
5400,90.0000,64.2427,62.9724,1426.5180,0,1080,16,0,11398.3641
5410,90.1667,64.2427,62.9748,2305.8038,1,1082,16,0,11398.4297
5420,90.3333,64.2427,62.9782,2305.8038,1,1084,16,0,11398.4955
5430,90.5000,64.2427,62.9827,2305.8038,1,1086,16,0,11398.5616
5440,90.6667,64.2427,62.9892,2305.8038,1,1088,16,0,11398.6278
5450,90.8333,64.2427,62.9966,2305.8038,1,1090,16,0,11398.6943
5460,91.0000,64.2427,63.0038,2305.8038,1,1092,16,0,11398.7610
5470,91.1667,64.2427,63.0114,2305.8038,1,1094,16,0,11398.8279
5480,91.3333,64.2427,63.0218,2305.8038,1,1096,17,0,11398.8950
5490,91.5000,64.2427,63.0357,2305.8038,1,1098,17,0,11398.9623
5500,91.6667,64.2427,63.0522,2305.8038,1,1100,17,0,11399.0298
5510,91.8333,64.2427,63.0697,2305.8038,1,1102,17,0,11399.0976
5520,92.0000,64.2427,63.0867,2305.8038,1,1104,17,0,11399.1655
5530,92.1667,64.2427,63.1038,2305.8038,1,1106,17,0,11399.2337
5540,92.3333,64.2427,63.1237,2305.8038,1,1108,17,0,11399.3021
5550,92.5000,64.2427,63.1450,2305.8038,1,1110,17,0,11399.3707
5560,92.6667,64.2427,63.1641,2305.8038,1,1112,17,0,11399.4395
5570,92.8333,64.2427,63.1784,2305.8038,1,1114,17,0,11399.5085
5580,93.0000,64.2427,63.1888,2305.8038,1,1116,18,0,11399.5777
5590,93.1667,64.2427,63.1967,2305.8038,1,1118,18,0,11399.6472
5600,93.3333,64.2427,63.2013,2305.8038,1,1120,18,0,11399.7168
5610,93.5000,64.2427,63.2029,2305.8038,1,1122,18,0,11399.7867
5620,93.6667,64.2427,63.2072,2305.8038,1,1124,18,0,11399.8568
5630,93.8333,64.2427,63.2121,2305.8038,1,1126,18,0,11399.9271
5640,94.0000,64.2427,63.2168,2305.8038,1,1128,18,0,11399.9976
5650,94.1667,64.2427,63.2199,2305.8038,1,1130,18,0,11400.0683
5660,94.3333,64.2427,63.2191,2305.8038,1,1132,18,0,11400.1392
5670,94.5000,64.2427,63.2115,2305.8038,1,1134,18,0,11400.2104
5680,94.6667,64.2427,63.1948,2305.8038,1,1136,18,0,11400.2817
5690,94.8333,64.2427,63.1692,2305.8038,1,1138,19,0,11400.3533
5700,95.0000,64.2427,63.1377,2305.8038,1,1140,19,0,11400.4251
5710,95.1667,64.2427,63.1068,2305.8038,1,1142,19,0,11400.4971
5720,95.3333,64.2427,63.0736,2305.8038,1,1144,19,0,11400.5693
5730,95.5000,64.2427,63.0404,2305.8038,1,1146,19,0,11400.6417
5740,95.6667,64.2427,63.0073,2305.8038,1,1148,19,0,11400.7143
5750,95.8333,64.2427,63.0331,2305.8038,1,1150,19,0,11400.7871
5760,96.0000,64.2427,63.0735,2305.8038,1,1152,19,0,11400.8602
5770,96.1667,64.2427,63.1130,2305.8038,1,1154,19,0,11400.9335
5780,96.3333,64.2427,63.1533,2305.8038,1,1156,19,0,11401.0069
5790,96.5000,64.2427,63.1951,2305.8038,1,1158,20,0,11401.0806
5800,96.6667,64.2427,63.2261,2305.8038,1,1160,20,0,11401.1545
5810,96.8333,64.2427,63.2486,2305.8038,1,1162,20,0,11401.2286
5820,97.0000,64.2427,63.2633,2305.8038,1,1164,20,0,11401.3029
5830,97.1667,64.2427,63.2727,2305.8038,1,1166,20,0,11401.3775
5840,97.3333,64.2427,63.2797,2305.8038,1,1168,20,0,11401.4522
5850,97.5000,64.2427,63.2863,2305.8038,1,1170,20,0,11401.5272
5860,97.6667,64.2427,63.2906,2305.8038,1,1172,20,0,11401.6023
5870,97.8333,64.2427,63.2883,2305.8038,1,1174,20,0,11401.6777
5880,98.0000,64.2427,63.2823,2305.8038,1,1176,20,0,11401.7533
5890,98.1667,64.2427,63.2787,2305.8038,1,1178,20,0,11401.8291
5900,98.3333,64.2427,63.2811,2305.8038,1,1180,21,0,11401.9051
5910,98.5000,64.2427,63.2860,2305.8038,1,1182,21,0,11401.9813
5920,98.6667,64.2427,63.2900,2305.8038,1,1184,21,0,11402.0578
5930,98.8333,64.2427,63.2928,2305.8038,1,1186,21,0,11402.1344
5940,99.0000,64.2427,63.2928,2305.8038,1,1188,21,0,11402.2113
5950,99.1667,64.2427,63.2884,2305.8038,1,1190,21,0,11402.2883
5960,99.3333,64.2427,63.2795,2305.8038,1,1192,21,0,11402.3656
5970,99.5000,64.2427,63.2689,2305.8038,1,1194,21,0,11402.4431
5980,99.6667,64.2427,63.2580,2305.8038,1,1196,21,0,11402.5208
5990,99.8333,64.2427,63.2732,2305.8038,1,1198,21,0,11402.5987
6000,100.0000,64.2427,63.2852,2305.8038,1,1200,22,0,11402.6769
6010,100.1667,64.2427,63.2886,2305.8038,1,1202,22,0,11402.7552
6020,100.3333,64.2427,63.2947,2305.8038,1,1204,22,0,11402.8337
6030,100.5000,64.2427,63.3194,2305.8038,1,1206,22,0,11402.9125
6040,100.6667,64.2427,63.3378,2305.8038,1,1208,22,0,11402.9915
6050,100.8333,64.2427,63.3509,2305.8038,1,1210,22,0,11403.0706
6060,101.0000,64.2427,63.3590,2305.8038,1,1212,22,0,11403.1500
6070,101.1667,64.2427,63.3637,2305.8038,1,1214,22,0,11403.2296
6080,101.3333,64.2427,63.3666,2305.8038,1,1216,22,0,11403.3095
6090,101.5000,64.2427,63.3651,2305.8038,1,1218,22,0,11403.3895
6100,101.6667,64.2427,63.3589,2305.8038,1,1220,22,0,11403.4697
6110,101.8333,64.2427,63.3488,2305.8038,1,1222,23,0,11403.5502
6120,102.0000,64.2427,63.3357,2305.8038,1,1224,23,0,11403.6308
6130,102.1667,64.2427,63.3368,2305.8038,1,1226,23,0,11403.7117
6140,102.3333,64.2427,63.3342,2305.8038,1,1228,23,0,11403.7928
6150,102.5000,64.2427,63.3244,2305.8038,1,1230,23,0,11403.8740
6160,102.6667,64.2427,63.3109,2305.8038,1,1232,23,0,11403.9555
6170,102.8333,64.2427,63.2976,2305.8038,1,1234,23,0,11404.0373
6180,103.0000,64.2427,63.2858,2305.8038,1,1236,23,0,11404.1192
6190,103.1667,64.2427,63.2739,2305.8038,1,1238,23,0,11404.2013
6200,103.3333,64.2427,63.2616,2305.8038,1,1240,23,0,11404.2836
6210,103.5000,64.2427,63.2583,2305.8038,1,1242,24,0,11404.3662
6220,103.6667,64.2427,63.2650,2305.8038,1,1244,24,0,11404.4490
6230,103.8333,64.2427,63.2707,2305.8038,1,1246,24,0,11404.5319
6240,104.0000,64.2427,63.2761,2305.8038,1,1248,24,0,11404.6151
6250,104.1667,64.2427,63.2816,2305.8038,1,1250,24,0,11404.6985
6260,104.3333,64.2427,63.2910,2305.8038,1,1252,24,0,11404.7821
6270,104.5000,64.2427,63.2952,2305.8038,1,1254,24,0,11404.8659
6280,104.6667,64.2427,63.2958,2305.8038,1,1256,24,0,11404.9500
6290,104.8333,64.2427,63.2966,2305.8038,1,1258,24,0,11405.0342
6300,105.0000,64.2427,63.2979,2305.8038,1,1260,24,0,11405.1186
6310,105.1667,64.2427,63.3002,2305.8038,1,1262,24,0,11405.2033
6320,105.3333,64.2427,63.3046,2305.8038,1,1264,25,0,11405.2882
6330,105.5000,64.2427,63.3112,2305.8038,1,1266,25,0,11405.3732
6340,105.6667,64.2427,63.3186,2305.8038,1,1268,25,0,11405.4585
6350,105.8333,64.2427,63.3263,2305.8038,1,1270,25,0,11405.5440
6360,106.0000,64.2427,63.3351,2305.8038,1,1272,25,0,11405.6297
6370,106.1667,64.2427,63.3455,2305.8038,1,1274,25,0,11405.7156
6380,106.3333,64.2427,63.3567,2305.8038,1,1276,25,0,11405.8018
6390,106.5000,64.2427,63.3676,2305.8038,1,1278,25,0,11405.8881
6400,106.6667,64.2427,63.3775,2305.8038,1,1280,25,0,11405.9746
6410,106.8333,64.2427,63.3872,2305.8038,1,1282,25,0,11406.0614
6420,107.0000,64.2427,63.3978,2305.8038,1,1284,26,0,11406.1484
6430,107.1667,64.2427,63.4069,2305.8038,1,1286,26,0,11406.2355
6440,107.3333,64.2427,63.4109,2305.8038,1,1288,26,0,11406.3229
6450,107.5000,64.2427,63.4085,2305.8038,1,1290,26,0,11406.4105
6460,107.6667,64.2427,63.4104,2305.8038,1,1292,26,0,11406.4983
6470,107.8333,64.2427,63.4111,2305.8038,1,1294,26,0,11406.5863
6480,108.0000,64.2427,63.4142,2305.8038,1,1296,26,0,11406.6745
6490,108.1667,64.2427,63.4207,2305.8038,1,1298,26,0,11406.7630
6500,108.3333,64.2427,63.4295,2305.8038,1,1300,26,0,11406.8516
6510,108.5000,64.2427,63.4382,2305.8038,1,1302,26,0,11406.9405
6520,108.6667,64.2427,63.4452,2305.8038,1,1304,26,0,11407.0295
6530,108.8333,64.2427,63.4462,2305.8038,1,1306,27,0,11407.1188
6540,109.0000,64.2427,63.4418,2305.8038,1,1308,27,0,11407.2083
6550,109.1667,64.2427,63.4376,2305.8038,1,1310,27,0,11407.2980
6560,109.3333,64.2427,63.4394,2305.8038,1,1312,27,0,11407.3879
6570,109.5000,64.2427,63.4464,2305.8038,1,1314,27,0,11407.4780
6580,109.6667,64.2427,63.4551,2305.8038,1,1316,27,0,11407.5683
6590,109.8333,64.2427,63.4663,2305.8038,1,1318,27,0,11407.6588
6600,110.0000,64.2427,63.4778,2305.8038,1,1320,27,0,11407.7495
6610,110.1667,64.2427,63.4865,2305.8038,1,1322,27,0,11407.8405
6620,110.3333,64.2427,63.4908,2305.8038,1,1324,27,0,11407.9316
6630,110.5000,64.2427,63.4936,2305.8038,1,1326,28,0,11408.0230
6640,110.6667,64.2427,63.4982,2305.8038,1,1328,28,0,11408.1146
6650,110.8333,64.2427,63.5028,2305.8038,1,1330,28,0,11408.2064
6660,111.0000,64.2427,63.5063,2305.8038,1,1332,28,0,11408.2984
6670,111.1667,64.2427,63.5140,2305.8038,1,1334,28,0,11408.3905
6680,111.3333,64.2427,63.5172,2305.8038,1,1336,28,0,11408.4830
6690,111.5000,64.2427,63.5171,2305.8038,1,1338,28,0,11408.5756
6700,111.6667,64.2427,63.5127,2305.8038,1,1340,28,0,11408.6684
6710,111.8333,64.2427,63.5065,2305.8038,1,1342,28,0,11408.7614
6720,112.0000,64.2427,63.5019,2305.8038,1,1344,28,0,11408.8547
6730,112.1667,64.2427,63.5006,2305.8038,1,1346,28,0,11408.9481
6740,112.3333,64.2427,63.5006,2305.8038,1,1348,29,0,11409.0418
6750,112.5000,64.2427,63.4994,2305.8038,1,1350,29,0,11409.1357
6760,112.6667,64.2427,63.4955,2305.8038,1,1352,29,0,11409.2297
6770,112.8333,64.2427,63.4879,2305.8038,1,1354,29,0,11409.3240
6780,113.0000,64.2427,63.4765,2305.8038,1,1356,29,0,11409.4185
6790,113.1667,64.2427,63.4825,2305.8038,1,1358,29,0,11409.5132
6800,113.3333,64.2427,63.4955,2305.8038,1,1360,29,0,11409.6081
6810,113.5000,64.2427,63.5030,2305.8038,1,1362,29,0,11409.7032
6820,113.6667,64.2427,63.5057,2305.8038,1,1364,29,0,11409.7986
6830,113.8333,64.2427,63.5051,2305.8038,1,1366,29,0,11409.8941
6840,114.0000,64.2427,63.5027,2305.8038,1,1368,30,0,11409.9898
6850,114.1667,64.2427,63.4997,2305.8038,1,1370,30,0,11410.0858
6860,114.3333,64.2427,63.4971,2305.8038,1,1372,30,0,11410.1820
6870,114.5000,64.2427,63.4952,2305.8038,1,1374,30,0,11410.2783
6880,114.6667,64.2427,63.4940,2305.8038,1,1376,30,0,11410.3749
6890,114.8333,64.2427,63.4931,2305.8038,1,1378,30,0,11410.4717
6900,115.0000,64.2427,63.4926,2305.8038,1,1380,30,0,11410.5687
6910,115.1667,64.2427,63.4931,2305.8038,1,1382,30,0,11410.6659
6920,115.3333,64.2427,63.4963,2305.8038,1,1384,30,0,11410.7633
6930,115.5000,64.2427,63.5021,2305.8038,1,1386,30,0,11410.8609
6940,115.6667,64.2427,63.5091,2305.8038,1,1388,30,0,11410.9587
6950,115.8333,64.2427,63.5152,2305.8038,1,1390,31,0,11411.0568
6960,116.0000,64.2427,63.5202,2305.8038,1,1392,31,0,11411.1550
6970,116.1667,64.2427,63.5235,2305.8038,1,1394,31,0,11411.2535
6980,116.3333,64.2427,63.5241,2305.8038,1,1396,31,0,11411.3521
6990,116.5000,64.2427,63.5241,2305.8038,1,1398,31,0,11411.4510
7000,116.6667,64.2427,63.5258,2305.8038,1,1400,31,0,11411.5501
7010,116.8333,64.2427,63.5299,2305.8038,1,1402,31,0,11411.6493
7020,117.0000,64.2427,63.5339,2305.8038,1,1404,31,0,11411.7488
7030,117.1667,64.2427,63.5367,2305.8038,1,1406,31,0,11411.8485
7040,117.3333,64.2427,63.5380,2305.8038,1,1408,31,0,11411.9484
7050,117.5000,64.2427,63.5376,2305.8038,1,1410,32,0,11412.0485
7060,117.6667,64.2427,63.5374,2305.8038,1,1412,32,0,11412.1488
7070,117.8333,64.2427,63.5540,2305.8038,1,1414,32,0,11412.2494
7080,118.0000,64.2427,63.5683,2305.8038,1,1416,32,0,11412.3501
7090,118.1667,64.2427,63.5800,2305.8038,1,1418,32,0,11412.4510
7100,118.3333,64.2427,63.5914,2305.8038,1,1420,32,0,11412.5522
7110,118.5000,64.2427,63.6049,2305.8038,1,1422,32,0,11412.6535
7120,118.6667,64.2427,63.6215,2305.8038,1,1424,32,0,11412.7551
7130,118.8333,64.2427,63.6392,2305.8038,1,1426,32,0,11412.8569
7140,119.0000,64.2427,63.6559,2305.8038,1,1428,32,0,11412.9588
7150,119.1667,64.2427,63.6706,2305.8038,1,1430,32,0,11413.0610
7160,119.3333,64.2427,63.6829,2305.8038,1,1432,33,0,11413.1634
7170,119.5000,64.2427,63.6935,2305.8038,1,1434,33,0,11413.2660
7180,119.6667,64.2427,63.7035,2305.8038,1,1436,33,0,11413.3688
7190,119.8333,64.2427,63.7136,2305.8038,1,1438,33,0,11413.4718
7200,120.0000,64.2427,63.7250,2305.8038,1,1440,33,0,11413.5750
7210,120.1667,64.2427,63.7380,2305.8038,1,1442,33,0,11413.6785
7220,120.3333,64.2427,63.7510,2305.8038,1,1444,33,0,11413.7821
7230,120.5000,64.2427,63.7616,2305.8038,1,1446,33,0,11413.8859
7240,120.6667,64.2427,63.7701,2305.8038,1,1448,33,0,11413.9900
7250,120.8333,64.2427,63.7772,2305.8038,1,1450,33,0,11414.0942
7260,121.0000,64.2427,63.7832,2305.8038,1,1452,34,0,11414.1987
7270,121.1667,64.2427,63.7896,2305.8038,1,1454,34,0,11414.3034
7280,121.3333,64.2427,63.7977,2305.8038,1,1456,34,0,11414.4082
7290,121.5000,64.2427,63.8071,2305.8038,1,1458,34,0,11414.5133
7300,121.6667,64.2427,63.8157,2305.8038,1,1460,34,0,11414.6186
7310,121.8333,64.2427,63.8205,2305.8038,1,1462,34,0,11414.7241
7320,122.0000,64.2427,63.8208,2305.8038,1,1464,34,0,11414.8298
7330,122.1667,64.2427,63.8186,2305.8038,1,1466,34,0,11414.9357
7340,122.3333,64.2427,63.8156,2305.8038,1,1468,34,0,11415.0418
7350,122.5000,64.2427,63.8253,2305.8038,1,1470,34,0,11415.1481
7360,122.6667,64.2427,63.8351,2305.8038,1,1472,34,0,11415.2546
7370,122.8333,64.2427,63.8440,2305.8038,1,1474,35,0,11415.3614
7380,123.0000,64.2427,63.8511,2305.8038,1,1476,35,0,11415.4683
7390,123.1667,64.2427,63.8558,2305.8038,1,1478,35,0,11415.5754
7400,123.3333,64.2427,63.8589,2305.8038,1,1480,35,0,11415.6828
7410,123.5000,64.2427,63.8613,2305.8038,1,1482,35,0,11415.7903
7420,123.6667,64.2427,63.8621,2305.8038,1,1484,35,0,11415.8981
7430,123.8333,64.2427,63.8606,2305.8038,1,1486,35,0,11416.0061
7440,124.0000,64.2427,63.8564,2305.8038,1,1488,35,0,11416.1142
7450,124.1667,64.2427,63.8495,2305.8038,1,1490,35,0,11416.2226
7460,124.3333,64.2427,63.8396,2305.8038,1,1492,35,0,11416.3312
7470,124.5000,64.2427,63.8462,2305.8038,1,1494,36,0,11416.4400
7480,124.6667,64.2427,63.8563,2305.8038,1,1496,36,0,11416.5490
7490,124.8333,64.2427,63.8673,2305.8038,1,1498,36,0,11416.6582
7500,125.0000,64.2427,63.8752,2305.8038,1,1500,36,0,11416.7676
7510,125.1667,64.2427,63.8770,2305.8038,1,1502,36,0,11416.8772
7520,125.3333,64.2427,63.8747,2305.8038,1,1504,36,0,11416.9870
7530,125.5000,64.2427,63.8686,2305.8038,1,1506,36,0,11417.0970
7540,125.6667,64.2427,63.8574,2305.8038,1,1508,36,0,11417.2073
7550,125.8333,64.2427,63.8445,2305.8038,1,1510,36,0,11417.3177
7560,126.0000,64.2427,63.8345,2305.8038,1,1512,36,0,11417.4283
7570,126.1667,64.2427,63.8291,2305.8038,1,1514,36,0,11417.5392
7580,126.3333,64.2427,63.8256,2305.8038,1,1516,37,0,11417.6502
7590,126.5000,64.2427,63.8226,2305.8038,1,1518,37,0,11417.7615
7600,126.6667,64.2427,63.8192,2305.8038,1,1520,37,0,11417.8729
7610,126.8333,64.2427,63.8154,2305.8038,1,1522,37,0,11417.9846
7620,127.0000,64.2427,63.8123,2305.8038,1,1524,37,0,11418.0965
7630,127.1667,64.2427,63.8106,2305.8038,1,1526,37,0,11418.2086
7640,127.3333,64.2427,63.8107,2305.8038,1,1528,37,0,11418.3208
7650,127.5000,64.2427,63.8150,2305.8038,1,1530,37,0,11418.4333
7660,127.6667,64.2427,63.8224,2305.8038,1,1532,37,0,11418.5460
7670,127.8333,64.2427,63.8302,2305.8038,1,1534,37,0,11418.6589
7680,128.0000,64.2427,63.8358,2305.8038,1,1536,38,0,11418.7720
7690,128.1667,64.2427,63.8404,2305.8038,1,1538,38,0,11418.8853
7700,128.3333,64.2427,63.8482,2305.8038,1,1540,38,0,11418.9988
7710,128.5000,64.2427,63.8596,2305.8038,1,1542,38,0,11419.1125
7720,128.6667,64.2427,63.8715,2305.8038,1,1544,38,0,11419.2265
7730,128.8333,64.2427,63.8800,2305.8038,1,1546,38,0,11419.3406
7740,129.0000,64.2427,63.8842,2305.8038,1,1548,38,0,11419.4549
7750,129.1667,64.2427,63.8861,2305.8038,1,1550,38,0,11419.5695
7760,129.3333,64.2427,63.8830,2305.8038,1,1552,38,0,11419.6842
7770,129.5000,64.2427,63.8769,2305.8038,1,1554,38,0,11419.7991
7780,129.6667,64.2427,63.8729,2305.8038,1,1556,38,0,11419.9143
7790,129.8333,64.2427,63.8745,2305.8038,1,1558,39,0,11420.0296
7800,130.0000,64.2427,63.8823,2305.8038,1,1560,39,0,11420.1452
7810,130.1667,64.2427,63.8954,2305.8038,1,1562,39,0,11420.2609
7820,130.3333,64.2427,63.9119,2305.8038,1,1564,39,0,11420.3769
7830,130.5000,64.2427,63.9279,2305.8038,1,1566,39,0,11420.4931
7840,130.6667,64.2427,63.9381,2305.8038,1,1568,39,0,11420.6095
7850,130.8333,64.2427,63.9405,2305.8038,1,1570,39,0,11420.7260
7860,131.0000,64.2427,63.9395,2305.8038,1,1572,39,0,11420.8428
7870,131.1667,64.2427,63.9393,2305.8038,1,1574,39,0,11420.9598
7880,131.3333,64.2427,63.9413,2305.8038,1,1576,39,0,11421.0770
7890,131.5000,64.2427,63.9463,2305.8038,1,1578,40,0,11421.1944
7900,131.6667,64.2427,63.9545,2305.8038,1,1580,40,0,11421.3120
7910,131.8333,64.2427,63.9653,2305.8038,1,1582,40,0,11421.4298
7920,132.0000,64.2427,63.9762,2305.8038,1,1584,40,0,11421.5478
7930,132.1667,64.2427,63.9839,2305.8038,1,1586,40,0,11421.6660
7940,132.3333,64.2427,63.9887,2305.8038,1,1588,40,0,11421.7844
7950,132.5000,64.2427,63.9926,2305.8038,1,1590,40,0,11421.9030
7960,132.6667,64.2427,63.9971,2305.8038,1,1592,40,0,11422.0218
7970,132.8333,64.2427,64.0025,2305.8038,1,1594,40,0,11422.1409
7980,133.0000,64.2427,64.0075,2305.8038,1,1596,40,0,11422.2601
7990,133.1667,64.2427,64.0129,2305.8038,1,1598,40,0,11422.3795
8000,133.3333,64.2427,64.0191,2305.8038,1,1600,41,0,11422.4991
8010,133.5000,64.2427,64.0233,2305.8038,1,1602,41,0,11422.6190
8020,133.6667,64.2427,64.0229,2305.8038,1,1604,41,0,11422.7390
8030,133.8333,64.2427,64.0205,2305.8038,1,1606,41,0,11422.8593
8040,134.0000,64.2427,64.0153,2305.8038,1,1608,41,0,11422.9797
8050,134.1667,64.2427,64.0080,2305.8038,1,1610,41,0,11423.1004
8060,134.3333,64.2427,64.0019,2305.8038,1,1612,41,0,11423.2212
8070,134.5000,64.2427,64.0000,2305.8038,1,1614,41,0,11423.3423
8080,134.6667,64.2427,64.0022,2305.8038,1,1616,41,0,11423.4635
8090,134.8333,64.2427,64.0049,2305.8038,1,1618,41,0,11423.5850
8100,135.0000,64.2427,64.0070,2305.8038,1,1620,42,0,11423.7067
8110,135.1667,64.2427,64.0101,2305.8038,1,1622,42,0,11423.8285
8120,135.3333,64.2427,64.0165,2305.8038,1,1624,42,0,11423.9506
8130,135.5000,64.2427,64.0272,2305.8038,1,1626,42,0,11424.0729
8140,135.6667,64.2427,64.0427,2305.8038,1,1628,42,0,11424.1954
8150,135.8333,64.2427,64.0608,2305.8038,1,1630,42,0,11424.3180
8160,136.0000,64.2427,64.0792,2305.8038,1,1632,42,0,11424.4409
8170,136.1667,64.2427,64.0953,2305.8038,1,1634,42,0,11424.5640
8180,136.3333,64.2427,64.1073,2305.8038,1,1636,42,0,11424.6873
8190,136.5000,64.2427,64.1158,2305.8038,1,1638,42,0,11424.8108
8200,136.6667,64.2427,64.1232,2305.8038,1,1640,42,0,11424.9345
8210,136.8333,64.2427,64.1301,2305.8038,1,1642,43,0,11425.0584
8220,137.0000,64.2427,64.1356,2305.8038,1,1644,43,0,11425.1825
8230,137.1667,64.2427,64.1393,2305.8038,1,1646,43,0,11425.3068
8240,137.3333,64.2427,64.1406,2305.8038,1,1648,43,0,11425.4313
8250,137.5000,64.2427,64.1399,2305.8038,1,1650,43,0,11425.5560
8260,137.6667,64.2427,64.1381,2305.8038,1,1652,43,0,11425.6809
8270,137.8333,64.2427,64.1369,2305.8038,1,1654,43,0,11425.8060
8280,138.0000,64.2427,64.1376,2305.8038,1,1656,43,0,11425.9313
8290,138.1667,64.2427,64.1403,2305.8038,1,1658,43,0,11426.0568
8300,138.3333,64.2427,64.1438,2305.8038,1,1660,43,0,11426.1825
8310,138.5000,64.2427,64.1475,2305.8038,1,1662,44,0,11426.3084
8320,138.6667,64.2427,64.1499,2305.8038,1,1664,44,0,11426.4346
8330,138.8333,64.2427,64.1494,2305.8038,1,1666,44,0,11426.5609
8340,139.0000,64.2427,64.1486,2305.8038,1,1668,44,0,11426.6874
8350,139.1667,64.2427,64.1509,2305.8038,1,1670,44,0,11426.8141
8360,139.3333,64.2427,64.1578,2305.8038,1,1672,44,0,11426.9411
8370,139.5000,64.2427,64.1679,2305.8038,1,1674,44,0,11427.0682
8380,139.6667,64.2427,64.1815,2305.8038,1,1676,44,0,11427.1955
8390,139.8333,64.2427,64.1987,2305.8038,1,1678,44,0,11427.3230
8400,140.0000,64.2427,64.2162,2305.8038,1,1680,44,0,11427.4508
8410,140.1667,64.2427,64.2305,2305.8038,1,1682,44,0,11427.5787
8420,140.3333,64.2427,64.2410,2305.8038,1,1684,45,0,11427.7068
8430,140.5000,64.2427,64.2427,2305.8038,1,1686,45,0,11427.8352
8440,140.6667,64.2427,64.2427,2305.8038,1,1688,45,0,11427.9637
8450,140.8333,64.2427,64.2427,2305.8038,1,1690,45,0,11428.0925
8460,141.0000,64.2427,64.2427,2305.8038,1,1692,45,0,11428.2214
8470,141.1667,64.2427,64.2427,2305.8038,1,1694,45,0,11428.3505
8480,141.3333,64.2427,64.2427,2305.8038,1,1696,45,0,11428.4799
8490,141.5000,64.2427,64.2427,2305.8038,1,1698,45,0,11428.6094
8500,141.6667,64.2427,64.2427,2305.8038,1,1700,45,0,11428.7392
8510,141.8333,64.2427,64.2427,2305.8038,1,1702,45,0,11428.8691
8520,142.0000,64.2427,64.2427,2305.8038,1,1704,46,0,11428.9993
8530,142.1667,64.2427,64.2427,2305.8038,1,1706,46,0,11429.1296
8540,142.3333,64.2427,64.2427,2305.8038,1,1708,46,0,11429.2602
8550,142.5000,64.2427,64.2427,2305.8038,1,1710,46,0,11429.3909
8560,142.6667,64.2427,64.2427,2305.8038,1,1712,46,0,11429.5219
8570,142.8333,64.2427,64.2427,2305.8038,1,1714,46,0,11429.6530
8580,143.0000,64.2427,64.2427,2305.8038,1,1716,46,0,11429.7844
8590,143.1667,64.2427,64.2427,2305.8038,1,1718,46,0,11429.9159
8600,143.3333,64.2427,64.2427,2305.8038,1,1720,46,0,11430.0477
8610,143.5000,64.2427,64.2427,2305.8038,1,1722,46,0,11430.1796
8620,143.6667,64.2427,64.2427,2305.8038,1,1724,46,0,11430.3118
8630,143.8333,64.2427,64.2427,2305.8038,1,1726,47,0,11430.4441
8640,144.0000,64.2427,64.2427,2305.8038,1,1728,47,0,11430.5767
8650,144.1667,64.2427,64.2427,2305.8038,1,1730,47,0,11430.7094
8660,144.3333,64.2427,64.2427,2305.8038,1,1732,47,0,11430.8424
8670,144.5000,64.2427,64.2427,2305.8038,1,1734,47,0,11430.9755
8680,144.6667,64.2427,64.2427,2305.8038,1,1736,47,0,11431.1089
8690,144.8333,64.2427,64.2427,2305.8038,1,1738,47,0,11431.2425
8700,145.0000,64.2427,64.2427,2305.8038,1,1740,47,0,11431.3762
8710,145.1667,64.2427,64.2427,2305.8038,1,1742,47,0,11431.5102
8720,145.3333,64.2427,64.2427,2305.8038,1,1744,47,0,11431.6443
8730,145.5000,64.2427,64.2427,2305.8038,1,1746,48,0,11431.7787
8740,145.6667,64.2427,64.2427,2305.8038,1,1748,48,0,11431.9132
8750,145.8333,64.2427,64.2427,2305.8038,1,1750,48,0,11432.0480
8760,146.0000,64.2427,64.2427,2305.8038,1,1752,48,0,11432.1829
8770,146.1667,64.2427,64.2427,2305.8038,1,1754,48,0,11432.3181
8780,146.3333,64.2427,64.2427,2305.8038,1,1756,48,0,11432.4534
8790,146.5000,64.2427,64.2427,2305.8038,1,1758,48,0,11432.5890
8800,146.6667,64.2427,64.2427,2305.8038,1,1760,48,0,11432.7247
8810,146.8333,64.2427,64.2427,2305.8038,1,1762,48,0,11432.8607
8820,147.0000,64.2427,64.2427,2305.8038,1,1764,48,0,11432.9969
8830,147.1667,64.2427,64.2427,2305.8038,1,1766,48,0,11433.1332
8840,147.3333,64.2427,64.2427,2305.8038,1,1768,49,0,11433.2698
8850,147.5000,64.2427,64.2427,2305.8038,1,1770,49,0,11433.4065
8860,147.6667,64.2427,64.2427,2305.8038,1,1772,49,0,11433.5434
8870,147.8333,64.2427,64.2427,2305.8038,1,1774,49,0,11433.6806
8880,148.0000,64.2427,64.2427,2305.8038,1,1776,49,0,11433.8179
8890,148.1667,64.2427,64.2427,2305.8038,1,1778,49,0,11433.9555
8900,148.3333,64.2427,64.2427,2305.8038,1,1780,49,0,11434.0932
8910,148.5000,64.2427,64.2427,2305.8038,1,1782,49,0,11434.2312
8920,148.6667,64.2427,64.2427,2305.8038,1,1784,49,0,11434.3693
8930,148.8333,64.2427,64.2427,2305.8038,1,1786,49,0,11434.5077
8940,149.0000,64.2427,64.2427,2305.8038,1,1788,50,0,11434.6462
8950,149.1667,64.2427,64.2427,2305.8038,1,1790,50,0,11434.7849
8960,149.3333,64.2427,64.2427,2305.8038,1,1792,50,0,11434.9239
8970,149.5000,64.2427,64.2427,2305.8038,1,1794,50,0,11435.0630
8980,149.6667,64.2427,64.2427,2305.8038,1,1796,50,0,11435.2023
8990,149.8333,64.2427,64.2427,2305.8038,1,1798,50,0,11435.3419
9000,150.0000,64.2427,64.2427,2305.8038,1,1800,50,0,11435.4816
9010,150.1667,64.2427,64.2427,2305.8038,1,1802,50,0,11435.6215
9020,150.3333,64.2427,64.2427,2305.8038,1,1804,50,0,11435.7617
9030,150.5000,64.2427,64.2427,2305.8038,1,1806,50,0,11435.9020
9040,150.6667,64.2427,64.2427,2305.8038,1,1808,50,0,11436.0425
9050,150.8333,64.2427,64.2427,2305.8038,1,1810,51,0,11436.1832
9060,151.0000,64.2427,64.2427,2305.8038,1,1812,51,0,11436.3242
9070,151.1667,64.2427,64.2427,2305.8038,1,1814,51,0,11436.4653
9080,151.3333,64.2427,64.2427,2305.8038,1,1816,51,0,11436.6066
9090,151.5000,64.2427,64.2427,2305.8038,1,1818,51,0,11436.7481
9100,151.6667,64.2427,64.2427,2305.8038,1,1820,51,0,11436.8898
9110,151.8333,64.2427,64.2427,2305.8038,1,1822,51,0,11437.0317
9120,152.0000,64.2427,64.2427,2305.8038,1,1824,51,0,11437.1738
9130,152.1667,64.2427,64.2427,2305.8038,1,1826,51,0,11437.3161
9140,152.3333,64.2427,64.2427,2305.8038,1,1828,51,0,11437.4586
9150,152.5000,64.2427,64.2427,2305.8038,1,1830,52,0,11437.6013
9160,152.6667,64.2427,64.2427,2305.8038,1,1832,52,0,11437.7442
9170,152.8333,64.2427,64.2427,2305.8038,1,1834,52,0,11437.8873
9180,153.0000,64.2427,64.2427,2305.8038,1,1836,52,0,11438.0306
9190,153.1667,64.2427,64.2427,2305.8038,1,1838,52,0,11438.1741
9200,153.3333,64.2427,64.2427,2305.8038,1,1840,52,0,11438.3178
9210,153.5000,64.2427,64.2427,2305.8038,1,1842,52,0,11438.4617
9220,153.6667,64.2427,64.2427,2305.8038,1,1844,52,0,11438.6058
9230,153.8333,64.2427,64.2427,2305.8038,1,1846,52,0,11438.7501
9240,154.0000,64.2427,64.2427,2305.8038,1,1848,52,0,11438.8945
9250,154.1667,64.2427,64.2427,2305.8038,1,1850,52,0,11439.0392
9260,154.3333,64.2427,64.2427,2305.8038,1,1852,53,0,11439.1841
9270,154.5000,64.2427,64.2427,2305.8038,1,1854,53,0,11439.3291
9280,154.6667,64.2427,64.2427,2305.8038,1,1856,53,0,11439.4744
9290,154.8333,64.2427,64.2427,2305.8038,1,1858,53,0,11439.6199
9300,155.0000,64.2427,64.2427,2305.8038,1,1860,53,0,11439.7655
9310,155.1667,64.2427,64.2427,2305.8038,1,1862,53,0,11439.9114
9320,155.3333,64.2427,64.2427,2305.8038,1,1864,53,0,11440.0574
9330,155.5000,64.2427,64.2427,2305.8038,1,1866,53,0,11440.2037
9340,155.6667,64.2427,64.2427,2305.8038,1,1868,53,0,11440.3501
9350,155.8333,64.2427,64.2427,2305.8038,1,1870,53,0,11440.4968
9360,156.0000,64.2427,64.2427,2305.8038,1,1872,54,0,11440.6436
9370,156.1667,64.2427,64.2427,2305.8038,1,1874,54,0,11440.7906
9380,156.3333,64.2427,64.2427,2305.8038,1,1876,54,0,11440.9379
9390,156.5000,64.2427,64.2427,2305.8038,1,1878,54,0,11441.0853
9400,156.6667,64.2427,64.2427,2305.8038,1,1880,54,0,11441.2329
9410,156.8333,9192.9498,9192.9498,1507.8407,0,1882,55,0,2447.9106
9420,157.0000,9193.1729,9193.1729,1507.8352,0,1884,55,0,2447.6593
9430,157.1667,9193.3960,9193.3960,1507.8298,0,1886,55,0,2447.4080
9440,157.3333,9193.6192,9193.6192,1507.8244,0,1888,55,0,2447.1568
9450,157.5000,9193.8423,9193.8423,1507.8189,0,1890,55,0,2446.9055
9460,157.6667,9194.0654,9194.0654,1507.8135,0,1892,55,0,2446.6543
9470,157.8333,9194.2885,9194.2885,1507.8080,0,1894,55,0,2446.4030
9480,158.0000,9194.5116,9194.5116,1507.8026,0,1896,55,0,2446.1518
9490,158.1667,9194.7347,9194.7347,1507.7971,0,1898,55,0,2445.9006
9500,158.3333,9194.9579,9194.9579,1507.7917,0,1900,55,0,2445.6493
9510,158.5000,9195.1810,9195.1810,1507.7862,0,1902,55,0,2445.3981
9520,158.6667,9195.4041,9195.4041,1507.7808,0,1904,55,0,2445.1468
9530,158.8333,9195.6272,9195.6272,1507.7753,0,1906,55,0,2444.8956
9540,159.0000,9195.8503,9195.8503,1507.7699,0,1908,55,0,2444.6443
9550,159.1667,9196.0734,9196.0734,1507.7644,0,1910,55,0,2444.3931
9560,159.3333,9196.2966,9196.2966,1507.7590,0,1912,55,0,2444.1418
9570,159.5000,9196.5197,9196.5197,1507.7535,0,1914,56,0,2443.8906
9580,159.6667,9196.7428,9196.7428,1507.7481,0,1916,56,0,2443.6394
9590,159.8333,9196.9659,9196.9659,1507.7427,0,1918,56,0,2443.3881
9600,160.0000,9197.1890,9197.1890,1507.7372,0,1920,56,0,2443.1369
9610,160.1667,9197.4122,9197.4122,1507.7318,0,1922,56,0,2442.8857
9620,160.3333,9197.6353,9197.6353,1507.7263,0,1924,56,0,2442.6344
9630,160.5000,9197.8584,9197.8584,1507.7209,0,1926,56,0,2442.3832
9640,160.6667,9198.0815,9198.0815,1507.7154,0,1928,56,0,2442.1319
9650,160.8333,9198.3046,9198.3046,1507.7100,0,1930,56,0,2441.8807
9660,161.0000,9198.5278,9198.5278,1507.7045,0,1932,56,0,2441.6295
9670,161.1667,9198.7509,9198.7509,1507.6991,0,1934,56,0,2441.3783
9680,161.3333,9198.9740,9198.9740,1507.6937,0,1936,56,0,2441.1270
9690,161.5000,9199.1971,9199.1971,1507.6882,0,1938,56,0,2440.8758
9700,161.6667,9199.4203,9199.4203,1507.6828,0,1940,56,0,2440.6246
9710,161.8333,9199.6434,9199.6434,1507.6773,0,1942,56,0,2440.3733
9720,162.0000,9199.8665,9199.8665,1507.6719,0,1944,56,0,2440.1221
9730,162.1667,9200.0896,9200.0896,1507.6664,0,1946,57,0,2439.8709
9740,162.3333,9200.3127,9200.3127,1507.6610,0,1948,57,0,2439.6197
9750,162.5000,9200.5359,9200.5359,1507.6556,0,1950,57,0,2439.3684
9760,162.6667,9200.7590,9200.7590,1507.6501,0,1952,57,0,2439.1172
9770,162.8333,9200.9821,9200.9821,1507.6447,0,1954,57,0,2438.8660
9780,163.0000,9201.2053,9201.2053,1507.6392,0,1956,57,0,2438.6148
9790,163.1667,9201.4284,9201.4284,1507.6338,0,1958,57,0,2438.3635
9800,163.3333,9201.6515,9201.6515,1507.6284,0,1960,57,0,2438.1123
9810,163.5000,9201.8746,9201.8746,1507.6229,0,1962,57,0,2437.8611
9820,163.6667,9202.0978,9202.0978,1507.6175,0,1964,57,0,2437.6099
9830,163.8333,9202.3209,9202.3209,1507.6120,0,1966,57,0,2437.3587
9840,164.0000,9202.5440,9202.5440,1507.6066,0,1968,57,0,2437.1075
9850,164.1667,9202.7671,9202.7671,1507.6012,0,1970,57,0,2436.8562
9860,164.3333,9202.9903,9202.9903,1507.5957,0,1972,57,0,2436.6050
9870,164.5000,9203.2134,9203.2134,1507.5903,0,1974,57,0,2436.3538
9880,164.6667,9203.4365,9203.4365,1507.5848,0,1976,57,0,2436.1026
9890,164.8333,9203.6597,9203.6597,1507.5794,0,1978,58,0,2435.8514
9900,165.0000,9203.8828,9203.8828,1507.5740,0,1980,58,0,2435.6002
9910,165.1667,9204.1059,9204.1059,1507.5685,0,1982,58,0,2435.3490
9920,165.3333,9204.3291,9204.3291,1507.5631,0,1984,58,0,2435.0978
9930,165.5000,9204.5522,9204.5522,1507.5576,0,1986,58,0,2434.8466
9940,165.6667,9204.7753,9204.7753,1507.5522,0,1988,58,0,2434.5954
9950,165.8333,9204.9984,9204.9984,1507.5468,0,1990,58,0,2434.3441
9960,166.0000,9205.2216,9205.2216,1507.5413,0,1992,58,0,2434.0929
9970,166.1667,9205.4447,9205.4447,1507.5359,0,1994,58,0,2433.8417
9980,166.3333,9205.6678,9205.6678,1507.5305,0,1996,58,0,2433.5905
9990,166.5000,9205.8910,9205.8910,1507.5250,0,1998,58,0,2433.3393
10000,166.6667,9206.1141,9206.1141,1507.5196,0,2000,58,0,2433.0881
10010,166.8333,9206.3372,9206.3372,1507.5142,0,2002,58,0,2432.8369
10020,167.0000,9206.5604,9206.5604,1507.5087,0,2004,58,0,2432.5857
10030,167.1667,9206.7835,9206.7835,1507.5033,0,2006,58,0,2432.3345
10040,167.3333,9207.0066,9207.0066,1507.4978,0,2008,58,0,2432.0833
10050,167.5000,9207.2298,9207.2298,1507.4924,0,2010,59,0,2431.8321
10060,167.6667,9207.4529,9207.4529,1507.4870,0,2012,59,0,2431.5809
10070,167.8333,9207.6761,9207.6761,1507.4815,0,2014,59,0,2431.3298
10080,168.0000,9207.8992,9207.8992,1507.4761,0,2016,59,0,2431.0786
10090,168.1667,9208.1223,9208.1223,1507.4707,0,2018,59,0,2430.8274
10100,168.3333,9208.3455,9208.3455,1507.4652,0,2020,59,0,2430.5762
10110,168.5000,9208.5686,9208.5686,1507.4598,0,2022,59,0,2430.3250
10120,168.6667,9208.7917,9208.7917,1507.4544,0,2024,59,0,2430.0738
10130,168.8333,9209.0149,9209.0149,1507.4489,0,2026,59,0,2429.8226
10140,169.0000,9209.2380,9209.2380,1507.4435,0,2028,59,0,2429.5714
10150,169.1667,9209.4612,9209.4612,1507.4381,0,2030,59,0,2429.3202
10160,169.3333,9209.6843,9209.6843,1507.4326,0,2032,59,0,2429.0690
10170,169.5000,9209.9074,9209.9074,1507.4272,0,2034,59,0,2428.8179
10180,169.6667,9210.1306,9210.1306,1507.4218,0,2036,59,0,2428.5667
10190,169.8333,9210.3537,9210.3537,1507.4163,0,2038,59,0,2428.3155
10200,170.0000,9210.5769,9210.5769,1507.4109,0,2040,59,0,2428.0643
10210,170.1667,9210.8000,9210.8000,1507.4055,0,2042,60,0,2427.8131
10220,170.3333,9211.0231,9211.0231,1507.4001,0,2044,60,0,2427.5619
10230,170.5000,9211.2463,9211.2463,1507.3946,0,2046,60,0,2427.3108
10240,170.6667,9211.4694,9211.4694,1507.3892,0,2048,60,0,2427.0596
10250,170.8333,9211.6926,9211.6926,1507.3838,0,2050,60,0,2426.8084
10260,171.0000,9211.9157,9211.9157,1507.3783,0,2052,60,0,2426.5572
10270,171.1667,9212.1388,9212.1388,1507.3729,0,2054,60,0,2426.3060
10280,171.3333,9212.3620,9212.3620,1507.3675,0,2056,60,0,2426.0549
10290,171.5000,9212.5851,9212.5851,1507.3620,0,2058,60,0,2425.8037
10300,171.6667,9212.8083,9212.8083,1507.3566,0,2060,60,0,2425.5525
10310,171.8333,9213.0314,9213.0314,1507.3512,0,2062,60,0,2425.3013
10320,172.0000,9213.2546,9213.2546,1507.3458,0,2064,60,0,2425.0502
10330,172.1667,9213.4777,9213.4777,1507.3403,0,2066,60,0,2424.7990
10340,172.3333,9213.7009,9213.7009,1507.3349,0,2068,60,0,2424.5478
10350,172.5000,9213.9240,9213.9240,1507.3295,0,2070,60,0,2424.2967
10360,172.6667,9214.1471,9214.1471,1507.3240,0,2072,60,0,2424.0455
10370,172.8333,9214.3703,9214.3703,1507.3186,0,2074,61,0,2423.7943
10380,173.0000,9214.5934,9214.5934,1507.3132,0,2076,61,0,2423.5432
10390,173.1667,9214.8166,9214.8166,1507.3078,0,2078,61,0,2423.2920
10400,173.3333,9215.0397,9215.0397,1507.3023,0,2080,61,0,2423.0408
10410,173.5000,9215.2629,9215.2629,1507.2969,0,2082,61,0,2422.7897
10420,173.6667,9215.4860,9215.4860,1507.2915,0,2084,61,0,2422.5385
10430,173.8333,9215.7092,9215.7092,1507.2860,0,2086,61,0,2422.2873
10440,174.0000,9215.9323,9215.9323,1507.2806,0,2088,61,0,2422.0362
10450,174.1667,9216.1555,9216.1555,1507.2752,0,2090,61,0,2421.7850
10460,174.3333,9216.3786,9216.3786,1507.2698,0,2092,61,0,2421.5339
10470,174.5000,9216.6018,9216.6018,1507.2643,0,2094,61,0,2421.2827
10480,174.6667,9216.8249,9216.8249,1507.2589,0,2096,61,0,2421.0315
10490,174.8333,9217.0481,9217.0481,1507.2535,0,2098,61,0,2420.7804
10500,175.0000,9217.2712,9217.2712,1507.2481,0,2100,61,0,2420.5292
10510,175.1667,9217.4944,9217.4944,1507.2426,0,2102,61,0,2420.2781
10520,175.3333,9217.7175,9217.7175,1507.2372,0,2104,61,0,2420.0269
10530,175.5000,9217.9407,9217.9407,1507.2318,0,2106,62,0,2419.7758
10540,175.6667,9218.1638,9218.1638,1507.2264,0,2108,62,0,2419.5246
10550,175.8333,9218.3870,9218.3870,1507.2209,0,2110,62,0,2419.2735
10560,176.0000,9218.6101,9218.6101,1507.2155,0,2112,62,0,2419.0223
10570,176.1667,9218.8333,9218.8333,1507.2101,0,2114,62,0,2418.7712
10580,176.3333,9219.0564,9219.0564,1507.2047,0,2116,62,0,2418.5200
10590,176.5000,9219.2796,9219.2796,1507.1992,0,2118,62,0,2418.2689
10600,176.6667,9219.5027,9219.5027,1507.1938,0,2120,62,0,2418.0177
10610,176.8333,9219.7259,9219.7259,1507.1884,0,2122,62,0,2417.7666
10620,177.0000,9219.9491,9219.9491,1507.1830,0,2124,62,0,2417.5154
10630,177.1667,9220.1722,9220.1722,1507.1776,0,2126,62,0,2417.2643
10640,177.3333,9220.3954,9220.3954,1507.1721,0,2128,62,0,2417.0131
10650,177.5000,9220.6185,9220.6185,1507.1667,0,2130,62,0,2416.7620
10660,177.6667,9220.8417,9220.8417,1507.1613,0,2132,62,0,2416.5109
10670,177.8333,9221.0648,9221.0648,1507.1559,0,2134,62,0,2416.2597
10680,178.0000,9221.2880,9221.2880,1507.1504,0,2136,62,0,2416.0086
10690,178.1667,9221.5111,9221.5111,1507.1450,0,2138,63,0,2415.7574
10700,178.3333,9221.7343,9221.7343,1507.1396,0,2140,63,0,2415.5063
10710,178.5000,9221.9575,9221.9575,1507.1342,0,2142,63,0,2415.2552
10720,178.6667,9222.1806,9222.1806,1507.1288,0,2144,63,0,2415.0040
10730,178.8333,9222.4038,9222.4038,1507.1233,0,2146,63,0,2414.7529
10740,179.0000,9222.6269,9222.6269,1507.1179,0,2148,63,0,2414.5018
10750,179.1667,9222.8501,9222.8501,1507.1125,0,2150,63,0,2414.2506
10760,179.3333,9223.0732,9223.0732,1507.1071,0,2152,63,0,2413.9995
10770,179.5000,9223.2964,9223.2964,1507.1017,0,2154,63,0,2413.7484
10780,179.6667,9223.5196,9223.5196,1507.0962,0,2156,63,0,2413.4972
10790,179.8333,9223.7427,9223.7427,1507.0908,0,2158,63,0,2413.2461
10800,180.0000,9223.9659,9223.9659,1507.0854,0,2160,63,0,2412.9950
10810,180.1667,9224.1891,9224.1891,1507.0800,0,2162,63,0,2412.7439
10820,180.3333,9224.4122,9224.4122,1507.0746,0,2164,63,0,2412.4927
10830,180.5000,9224.6354,9224.6354,1507.0692,0,2166,63,0,2412.2416
10840,180.6667,9224.8585,9224.8585,1507.0637,0,2168,63,0,2411.9905
10850,180.8333,9225.0817,9225.0817,1507.0583,0,2170,64,0,2411.7393
10860,181.0000,9225.3049,9225.3049,1507.0529,0,2172,64,0,2411.4882
10870,181.1667,9225.5280,9225.5280,1507.0475,0,2174,64,0,2411.2371
10880,181.3333,9225.7512,9225.7512,1507.0421,0,2176,64,0,2410.9860
10890,181.5000,9225.9744,9225.9744,1507.0367,0,2178,64,0,2410.7349
10900,181.6667,9226.1975,9226.1975,1507.0312,0,2180,64,0,2410.4837
10910,181.8333,9226.4207,9226.4207,1507.0258,0,2182,64,0,2410.2326
10920,182.0000,9226.6438,9226.6438,1507.0204,0,2184,64,0,2409.9815
10930,182.1667,9226.8670,9226.8670,1507.0150,0,2186,64,0,2409.7304
10940,182.3333,9227.0902,9227.0902,1507.0096,0,2188,64,0,2409.4793
10950,182.5000,9227.3133,9227.3133,1507.0042,0,2190,64,0,2409.2282
10960,182.6667,9227.5365,9227.5365,1506.9987,0,2192,64,0,2408.9770
10970,182.8333,9227.7597,9227.7597,1506.9933,0,2194,64,0,2408.7259
10980,183.0000,9227.9828,9227.9828,1506.9879,0,2196,64,0,2408.4748
10990,183.1667,9228.2060,9228.2060,1506.9825,0,2198,64,0,2408.2237
11000,183.3333,9228.4292,9228.4292,1506.9771,0,2200,64,0,2407.9726
11010,183.5000,9228.6523,9228.6523,1506.9717,0,2202,65,0,2407.7215
11020,183.6667,9228.8755,9228.8755,1506.9663,0,2204,65,0,2407.4704
11030,183.8333,9229.0987,9229.0987,1506.9608,0,2206,65,0,2407.2193
11040,184.0000,9229.3218,9229.3218,1506.9554,0,2208,65,0,2406.9682
11050,184.1667,9229.5450,9229.5450,1506.9500,0,2210,65,0,2406.7171
11060,184.3333,9229.7682,9229.7682,1506.9446,0,2212,65,0,2406.4660
11070,184.5000,9229.9914,9229.9914,1506.9392,0,2214,65,0,2406.2148
11080,184.6667,9230.2145,9230.2145,1506.9338,0,2216,65,0,2405.9637
11090,184.8333,9230.4377,9230.4377,1506.9284,0,2218,65,0,2405.7126
11100,185.0000,9230.6609,9230.6609,1506.9230,0,2220,65,0,2405.4615
11110,185.1667,9230.8840,9230.8840,1506.9175,0,2222,65,0,2405.2104
11120,185.3333,9231.1072,9231.1072,1506.9121,0,2224,65,0,2404.9593
11130,185.5000,9231.3304,9231.3304,1506.9067,0,2226,65,0,2404.7082
11140,185.6667,9231.5536,9231.5536,1506.9013,0,2228,65,0,2404.4571
11150,185.8333,9231.7767,9231.7767,1506.8959,0,2230,65,0,2404.2060
11160,186.0000,9231.9999,9231.9999,1506.8905,0,2232,65,0,2403.9549
11170,186.1667,9232.2231,9232.2231,1506.8851,0,2234,66,0,2403.7039
11180,186.3333,9232.4462,9232.4462,1506.8797,0,2236,66,0,2403.4528
11190,186.5000,9232.6694,9232.6694,1506.8743,0,2238,66,0,2403.2017
11200,186.6667,9232.8926,9232.8926,1506.8688,0,2240,66,0,2402.9506
11210,186.8333,9233.1158,9233.1158,1506.8634,0,2242,66,0,2402.6995
11220,187.0000,9233.3389,9233.3389,1506.8580,0,2244,66,0,2402.4484
11230,187.1667,9233.5621,9233.5621,1506.8526,0,2246,66,0,2402.1973
11240,187.3333,9233.7853,9233.7853,1506.8472,0,2248,66,0,2401.9462
11250,187.5000,9234.0085,9234.0085,1506.8418,0,2250,66,0,2401.6951
11260,187.6667,9234.2316,9234.2316,1506.8364,0,2252,66,0,2401.4440
11270,187.8333,9234.4548,9234.4548,1506.8310,0,2254,66,0,2401.1930
11280,188.0000,9234.6780,9234.6780,1506.8256,0,2256,66,0,2400.9419
11290,188.1667,9234.9012,9234.9012,1506.8202,0,2258,66,0,2400.6908
11300,188.3333,9235.1243,9235.1243,1506.8148,0,2260,66,0,2400.4397
11310,188.5000,9235.3475,9235.3475,1506.8094,0,2262,66,0,2400.1886
11320,188.6667,2.2071,2.4973,80.0532,0,2264,67,1,202.2071
11330,188.8333,2.1938,2.4840,80.3189,0,2266,67,1,202.1938
11340,189.0000,2.1804,2.4706,80.5848,0,2268,67,1,202.1804
11350,189.1667,2.1669,2.4571,80.8506,0,2270,67,1,202.1669
11360,189.3333,2.1534,2.4436,81.1165,0,2272,67,1,202.1534
11370,189.5000,2.1399,2.4301,81.3824,0,2274,67,1,202.1399
11380,189.6667,2.1263,2.4165,81.6484,0,2276,67,1,202.1263
11390,189.8333,2.1127,2.4029,81.9144,0,2278,67,1,202.1127
11400,190.0000,2.0990,2.3892,82.1804,0,2280,67,1,202.0990
11410,190.1667,2.0853,2.3755,82.4465,0,2282,67,1,202.0853
11420,190.3333,2.0715,2.3617,82.7126,0,2284,67,1,202.0715
11430,190.5000,2.0577,2.3479,82.9788,0,2286,67,1,202.0577
11440,190.6667,2.0438,2.3340,83.2449,0,2288,67,1,202.0438
11450,190.8333,2.0299,2.3201,83.5112,0,2290,67,1,202.0299
11460,191.0000,2.0160,2.3062,83.7774,0,2292,67,1,202.0160
11470,191.1667,2.0020,2.2922,84.0437,0,2294,67,1,202.0020
11480,191.3333,1.9880,2.2782,84.3100,0,2296,67,1,201.9880
11490,191.5000,1.9739,2.2641,84.5764,0,2298,67,1,201.9739
11500,191.6667,1.9598,2.2500,84.8428,0,2300,67,1,201.9598
11510,191.8333,1.9456,2.2358,85.1092,0,2302,67,1,201.9456
11520,192.0000,1.9314,2.2216,85.3757,0,2304,67,1,201.9314
11530,192.1667,1.9172,2.2074,85.6422,0,2306,67,1,201.9172
11540,192.3333,1.9029,2.1931,85.9088,0,2308,67,1,201.9029
11550,192.5000,1.8885,2.1787,86.1754,0,2310,67,1,201.8885
11560,192.6667,1.8742,2.1643,86.4420,0,2312,67,1,201.8742
11570,192.8333,1.8597,2.1499,86.7086,0,2314,67,1,201.8597
11580,193.0000,1.8452,2.1354,86.9753,0,2316,67,1,201.8452
11590,193.1667,1.8307,2.1209,87.2421,0,2318,67,1,201.8307
11600,193.3333,1.8162,2.1064,87.5089,0,2320,67,1,201.8162
11610,193.5000,1.8016,2.0918,87.7757,0,2322,67,1,201.8016
11620,193.6667,1.7869,2.0771,88.0425,0,2324,67,1,201.7869
11630,193.8333,1.7722,2.0624,88.3094,0,2326,67,1,201.7722
11640,194.0000,1.7575,2.0477,88.5764,0,2328,67,1,201.7575
11650,194.1667,1.7427,2.0329,88.8434,0,2330,67,1,201.7427
11660,194.3333,1.7279,2.0181,89.1104,0,2332,67,1,201.7279
11670,194.5000,1.7130,2.0032,89.3774,0,2334,67,1,201.7130
11680,194.6667,1.6981,1.9883,89.6445,0,2336,67,1,201.6981
11690,194.8333,1.6831,1.9733,89.9116,0,2338,67,1,201.6831
11700,195.0000,1.6681,1.9583,90.1788,0,2340,67,1,201.6681
11710,195.1667,1.6530,1.9432,90.4460,0,2342,67,1,201.6530
11720,195.3333,1.6379,1.9281,90.7133,0,2344,67,1,201.6379
11730,195.5000,1.6228,1.9130,90.9806,0,2346,67,1,201.6228
11740,195.6667,1.6076,1.8978,91.2479,0,2348,67,1,201.6076
11750,195.8333,1.5924,1.8826,91.5153,0,2350,67,1,201.5924
11760,196.0000,1.5771,1.8673,91.7827,0,2352,67,1,201.5771
11770,196.1667,1.5618,1.8520,92.0501,0,2354,67,1,201.5618
11780,196.3333,1.5464,1.8366,92.3176,0,2356,67,1,201.5464
11790,196.5000,1.5310,1.8212,92.5852,0,2358,67,1,201.5310
11800,196.6667,1.5156,1.8058,92.8527,0,2360,67,1,201.5156
11810,196.8333,1.5001,1.7903,93.1204,0,2362,67,1,201.5001
11820,197.0000,1.4845,1.7747,93.3880,0,2364,67,1,201.4845
11830,197.1667,1.4689,1.7591,93.6557,0,2366,67,1,201.4689
11840,197.3333,1.4533,1.7435,93.9234,0,2368,67,1,201.4533
11850,197.5000,1.4376,1.7278,94.1912,0,2370,67,1,201.4376
11860,197.6667,1.4219,1.7121,94.4591,0,2372,67,1,201.4219
11870,197.8333,1.4061,1.6963,94.7269,0,2374,67,1,201.4061
11880,198.0000,1.3903,1.6805,94.9948,0,2376,67,1,201.3903
11890,198.1667,1.3745,1.6647,95.2628,0,2378,67,1,201.3745
11900,198.3333,1.3586,1.6488,95.5308,0,2380,67,1,201.3586
11910,198.5000,1.3426,1.6328,95.7988,0,2382,67,1,201.3426
11920,198.6667,1.3267,1.6168,96.0669,0,2384,67,1,201.3267
11930,198.8333,1.3106,1.6008,96.3350,0,2386,67,1,201.3106
11940,199.0000,1.2945,1.5847,96.6032,0,2388,67,1,201.2945
11950,199.1667,1.2784,1.5686,96.8714,0,2390,67,1,201.2784
11960,199.3333,1.2622,1.5524,97.1396,0,2392,67,1,201.2622
11970,199.5000,1.2460,1.5362,97.4079,0,2394,67,1,201.2460
11980,199.6667,1.2298,1.5200,97.6762,0,2396,67,1,201.2298
11990,199.8333,1.2135,1.5037,97.9446,0,2398,67,1,201.2135
12000,200.0000,1.1971,1.4873,98.2130,0,2400,67,1,201.1971
12010,200.1667,1.1807,1.4709,98.4815,0,2402,67,1,201.1807
12020,200.3333,1.1643,1.4545,98.7500,0,2404,67,1,201.1643
12030,200.5000,1.1478,1.4380,99.0186,0,2406,67,1,201.1478
12040,200.6667,1.1313,1.4215,99.2872,0,2408,67,1,201.1313
12050,200.8333,1.1147,1.4049,99.5558,0,2410,67,1,201.1147
12060,201.0000,1.0981,1.3883,99.8245,0,2412,67,1,201.0981
12070,201.1667,1.0815,1.3717,100.0932,0,2414,67,1,201.0815
12080,201.3333,1.0647,1.3549,100.3620,0,2416,67,1,201.0647
12090,201.5000,1.0480,1.3382,100.6308,0,2418,67,1,201.0480
12100,201.6667,1.0312,1.3214,100.8997,0,2420,67,1,201.0312
12110,201.8333,1.0144,1.3046,101.1686,0,2422,67,1,201.0144
12120,202.0000,0.9975,1.2877,101.4375,0,2424,67,1,200.9975
12130,202.1667,0.9806,1.2708,101.7065,0,2426,67,1,200.9806
12140,202.3333,0.9636,1.2538,101.9756,0,2428,67,1,200.9636
12150,202.5000,0.9466,1.2368,102.2447,0,2430,67,1,200.9466
12160,202.6667,0.9295,1.2197,102.5138,0,2432,67,1,200.9295
12170,202.8333,0.9124,1.2026,102.7830,0,2434,67,1,200.9124
12180,203.0000,0.8952,1.1854,103.0522,0,2436,67,1,200.8952
12190,203.1667,0.8780,1.1682,103.3215,0,2438,67,1,200.8780
12200,203.3333,0.8608,1.1510,103.5908,0,2440,67,1,200.8608
12210,203.5000,0.8435,1.1337,103.8602,0,2442,67,1,200.8435
12220,203.6667,0.8262,1.1164,104.1296,0,2444,67,1,200.8262
12230,203.8333,0.8088,1.0990,104.3991,0,2446,67,1,200.8088
12240,204.0000,0.7914,1.0816,104.6686,0,2448,67,1,200.7914
12250,204.1667,0.7739,1.0641,104.9381,0,2450,67,1,200.7739
12260,204.3333,0.7564,1.0466,105.2077,0,2452,67,1,200.7564
12270,204.5000,0.7388,1.0290,105.4774,0,2454,67,1,200.7388
12280,204.6667,0.7212,1.0114,105.7471,0,2456,67,1,200.7212
12290,204.8333,0.7036,0.9938,106.0168,0,2458,67,1,200.7036
12300,205.0000,0.6859,0.9761,106.2866,0,2460,67,1,200.6859
12310,205.1667,0.6682,0.9584,106.5564,0,2462,67,1,200.6682
12320,205.3333,0.6504,0.9406,106.8263,0,2464,67,1,200.6504
12330,205.5000,0.6326,0.9228,107.0962,0,2466,67,1,200.6326
12340,205.6667,0.6147,0.9049,107.3662,0,2468,67,1,200.6147
12350,205.8333,0.5968,0.8870,107.6363,0,2470,67,1,200.5968
12360,206.0000,0.5788,0.8690,107.9063,0,2472,67,1,200.5788
12370,206.1667,0.5608,0.8510,108.1765,0,2474,67,1,200.5608
12380,206.3333,0.5427,0.8329,108.4466,0,2476,67,1,200.5427
12390,206.5000,0.5246,0.8148,108.7168,0,2478,67,1,200.5246
12400,206.6667,0.5065,0.7967,108.9871,0,2480,67,1,200.5065
12410,206.8333,0.4883,0.7785,109.2574,0,2482,67,1,200.4883
12420,207.0000,0.4701,0.7603,109.5278,0,2484,67,1,200.4701
12430,207.1667,0.4518,0.7420,109.7982,0,2486,67,1,200.4518
12440,207.3333,0.4335,0.7237,110.0687,0,2488,67,1,200.4335
12450,207.5000,0.4151,0.7053,110.3392,0,2490,67,1,200.4151
12460,207.6667,0.3967,0.6869,110.6098,0,2492,67,1,200.3967
12470,207.8333,0.3782,0.6684,110.8804,0,2494,67,1,200.3782
12480,208.0000,0.3597,0.6499,111.1511,0,2496,67,1,200.3597
12490,208.1667,0.3412,0.6314,111.4218,0,2498,67,1,200.3412
12500,208.3333,0.3226,0.6128,111.6926,0,2500,67,1,200.3226
12510,208.5000,0.3040,0.5942,111.9634,0,2502,67,1,200.3040
12520,208.6667,0.2853,0.5755,112.2342,0,2504,67,1,200.2853
12530,208.8333,0.2666,0.5568,112.5052,0,2506,67,1,200.2666
12540,209.0000,0.2478,0.5380,112.7761,0,2508,67,1,200.2478
12550,209.1667,0.2290,0.5192,113.0471,0,2510,67,1,200.2290
12560,209.3333,0.2101,0.5003,113.3182,0,2512,67,1,200.2101
12570,209.5000,0.1912,0.4814,113.5893,0,2514,67,1,200.1912
12580,209.6667,0.1722,0.4624,113.8605,0,2516,67,1,200.1722
12590,209.8333,0.1532,0.4434,114.1317,0,2518,67,1,200.1532
12600,210.0000,0.1342,0.4244,114.4030,0,2520,67,1,200.1342
12610,210.1667,0.1151,0.4053,114.6743,0,2522,67,1,200.1151
12620,210.3333,0.0960,0.3862,114.9457,0,2524,67,1,200.0960
12630,210.5000,0.0768,0.3670,115.2172,0,2526,67,1,200.0768
12640,210.6667,0.0576,0.3478,115.4886,0,2528,67,1,200.0576
12650,210.8333,0.0383,0.3285,115.7602,0,2530,67,1,200.0383
12660,211.0000,0.0190,0.3092,116.0318,0,2532,67,1,200.0190
12670,211.1667,-0.0004,0.2898,116.3034,0,2534,67,1,199.9996
12680,211.3333,-0.0198,0.2704,116.5751,0,2536,67,1,199.9802
12690,211.5000,-0.0392,0.2510,116.8468,0,2538,67,1,199.9608
12700,211.6667,-0.0587,0.2315,117.1186,0,2540,67,1,199.9413
12710,211.8333,-0.0783,0.2119,117.3905,0,2542,67,1,199.9217
12720,212.0000,-0.0979,0.1923,117.6624,0,2544,67,1,199.9021
12730,212.1667,-0.1175,0.1727,117.9344,0,2546,67,1,199.8825
12740,212.3333,-0.1372,0.1530,118.2064,0,2548,67,1,199.8628
12750,212.5000,-0.1569,0.1333,118.4784,0,2550,67,1,199.8431
12760,212.6667,-0.1767,0.1135,118.7506,0,2552,67,1,199.8233
12770,212.8333,-0.1965,0.0937,119.0227,0,2554,67,1,199.8035
12780,213.0000,-0.2163,0.0738,119.2950,0,2556,67,1,199.7837
12790,213.1667,-0.2363,0.0539,119.5672,0,2558,67,1,199.7637
12800,213.3333,-0.2562,0.0340,119.8396,0,2560,67,1,199.7438
12810,213.5000,-0.2762,0.0140,120.1120,0,2562,67,1,199.7238
